3984769 1152 2621222
6
4
0
1 1 1 1 1 1 1 1 1 1 1 1 1 1 1 1 1 1 1 1 1 1 1 1 1 1 1 1 1 1 1 1 1 1 1 1 1 1 1 1 1 1 1 1 1 1 1 1 1 1 1 1 1 1 1 1 1 1 1 1 1 1 1 1 1 1 1 1 1 1 1 1 1 1 1 1 1 1 1 1 1 1 1 1 1 1 1 1 1 1 1 1 1 1 1 1 1 1 1 1 1 1 1 1 1 1 1 1 1 1 1 1 1 1 1 1 1 1 1 1 1 1 1 1 1 1 1 1 1 1 1 1 1 1 1 1 1 1 1 1 1 1 1 1 1 1 1 1 1 1 1 1 1 1 1 1 1 1 1 1 1 1 1 1 1 1 1 1 1 1 1 1 1 1 1 1 1 1 1 1 1 1 1 1 1 1 1 1 1 1 1 1 1 1 1 1 1 1 1 1 1 1 1 1 1 1 1 1 1 1 1 1 1 1 1 1 1 1 1 1 1 1 1 1 1 1 1 1 1 1 1 1 1 1 1 1 1 1 1 1 1 1 1 1 1 1 1 1 1 1 1 1 1 1 1 1 1 1 1 1 1 1 1 1 1 1 1 1 1 1 1 1 1 1 1 1 1 1 1 1 1 1 1 1 1 1 1 1 161605 1712765 1670524 3408225 1719865 3475494 2674333 2915819 2806523 2678835 771485 3034860 388542 3668690 3926711 3390772 2665188 226164 13971 1065452 1097159 1856080 1988748 3478414 1901324 1861938 3792267 821026 1357021 1434584 392652 2075734 628357 2758563 364127 1923700 2510499 170570 2785202 1989798 2286135 389703 2543916 353986 2505397 3565459 2282143 474873 1353662 3089376 1125985 2011674 3312697 523840 1337077 3952296 3693372 233862 3295480 2438360 1064838 1513527 2451597 2796769 1557351 1963793 866539 1034816 2389624 898817 238355 1468762 2941510 2024825 2766600 3636407 3571369 922291 1985454 182800 2863657 18487 3740074 455257 2922086 802210 3914551 3498483 285304 3599413 3438316 2393481 1593118 1566035 3655113 3567556 3457 199748 1144532 3634308 607611 3029494 1145860 1929018 3447133 2047655 2004018 2533749 524984 3468757 13158 1863381 685063 1920057 905277 2048994 1238787 3266380 1326358 3679897 259828 2106643 1655847 692857 1813662 2003359 553428 2494566 604333 1825742 3390645 505821 1004816 1161070 3101793 1246367 86137 3203105 1544395 3597748 2425741 1431889 1194799 244059 2065762 1887213 424154 3427960 1264877 358013 2513310 587731 1960347 1606850 1768162 538529 3628957 835569 3488313 562174 3326121 2297698 1426675 1900961 2718143 1593828 1746532 2784770 1296290 3522852 997152 3320960 2461711 3167920 1326830 1633522 2229241 2549829 2873031 1267861 3967683 2604468 3254491 2496349 109122 2283495 1907376 2132093 2737918 2383726 1835181 3674382 962430 1374636 2741711 2680117 2017822 194948 3179434 1436532 2044019 2808274 1984669 2649103 711083 2810293 2458655 2099178 3434176 1060388 494490 2406460 475734 2846550 3364059 2322770 3894311 3179669 3769276 1952380 2505505 3738836 2969156 1319203 1159401 3558637 3948931 1575139 2478660 85248 41843 3010190 3657903 741052 2476345 759505 775020 481936 1807874 386006 2844390 3881288 536817 2946787 3080120 2353594 1280226 3266667 495731 3771458 3315269 77676 283248 1774669 2018763 192839 1896839 749818 3930343 71166 2893655 3974135 3369176 2383290 2611092 605717 3457200 2749211 994871 1467078 3927714 2528898 374941 171742 2600487 294951 3183973 642956 257065 3980299 2343289 2336567 3130801 292085 2051286 47959 3678255 3748593 1 3068730 2839194 2461275 2242934 3603816 1659992 2316864 1989701 1580568 3885998 3907924 2072570 194127 383210 2919865 2220211 2324757 64840 997954 995929 3057319 3711136 590511 1285821 3655229 1331696 3739978 3196912 2316219 3089044 3294178 2301685 3686641 731577 1402148 294305 2658338 2854715 2275748 1812637 3072688 3296622 2942547 1209179 3071256 90700 1681119 3183944 2913582 3686812 3479668 762504 2771585 3662228 1468056 3215781 3504250 621425 2609458 1991782 22991 2836285 1408265 3453725 399965 31839 2743359 2613001 67571 1730377 474269 2494041 589168 232577 56851 3197641 3964980 781590 432834 3645281 920965 3480738 853948 330418 3294169 2576498 2042509 2488716 1139587 3722882 3657486 1926784 307515 3526601 3961627 3458 228493 3446805 3607135 1705298 1623065 2184976 2330022 2674764 2485845 1140016 1249513 2332398 1849974 2196872 3473293 2824544 1730633 1069656 114978 1082066 616945 2152108 1785310 3351583 94614 2596573 2268519 1172490 99612 2733232 2797722 1643037 1128547 3449720 3148680 1590595 3655490 1331657 3602578 57109 1960950 3279536 2212269 1318301 993863 2828618 3516300 161605 1670524 1719865 2674333 2806523 771485 388542 3926711 2665188 13971 1097159 1988748 1901324 3792267 1357021 392652 628357 364127 2510499 2785202 2286135 2543916 2505397 2282143 1353662 1125985 3312697 1337077 3693372 3295480 1064838 2451597 1557351 866539 2389624 238355 2941510 2766600 3571369 1985454 2863657 3740074 2922086 3914551 285304 3438316 1593118 3655113 3457 1144532 607611 1145860 3447133 2004018 524984 13158 685063 905277 1238787 1326358 259828 1655847 1813662 553428 604333 3390645 1004816 3101793 86137 1544395 2425741 1194799 2065762 424154 1264877 2513310 1960347 1768162 3628957 3488313 3326121 1426675 2718143 1746532 1296290 997152 2461711 1326830 2229241 2873031 3967683 3254491 109122 1907376 2737918 1835181 962430 2741711 2017822 3179434 2044019 1984669 711083 2458655 3434176 494490 475734 3364059 3894311 3769276 2505505 2969156 1159401 3948931 2478660 41843 3657903 2476345 775020 1807874 2844390 536817 3080120 1280226 495731 3315269 283248 2018763 1896839 3930343 2893655 3369176 2611092 3457200 994871 3927714 374941 2600487 3183973 257065 2343289 3130801 2051286 3678255 161605 3408225 2674333 2678835 388542 3390772 13971 1856080 1901324 821026 392652 2758563 2510499 1989798 2543916 3565459 1353662 2011674 1337077 233862 1064838 2796769 866539 898817 2941510 3636407 1985454 18487 2922086 3498483 3438316 1566035 3457 3634308 1145860 2047655 524984 1863381 905277 3266380 259828 692857 553428 1825742 1004816 1246367 1544395 1431889 2065762 3427960 2513310 1606850 3628957 562174 1426675 1593828 1296290 3320960 1326830 2549829 3967683 2496349 1907376 2383726 962430 2680117 3179434 2808274 711083 2099178 494490 2846550 3894311 1952380 2969156 3558637 2478660 3010190 2476345 481936 2844390 2946787 1280226 3771458 283248 192839 3930343 3974135 2611092 2749211 3927714 171742 3183973 3980299 3130801 47959 3984768 3460407 1523494 3841246 2324777 200025 2404201 2306694 1912199 1053337 1064904 1541740 3919929 2401797 927450 2389064 2698948 3182674 244791 1719314 895725 3415189 298128 521697 3690464 3760191 1709021 2999654 688147 1365188 913513 2422216 800825 3256661 505101 129439 322541 2693175 480519 990470 1992987 1131354 2576504 800074 3952930 1020392 3917198 901246 1490728 935113 3927918 3537596 3203179 1380839 3063804 3075318 3654351 3097573 1942260 153255 261887 481816 3677254 2466693 3981311 3810868 377634 1793591 1799793 2321413 1498924 3025083 1652371 360480 511476 3700767 2915113 1155430 3367824 957175 633186 3739483 1716250 112464 1251537 2853015 2856222 2912638 2394174 439231 382191 449825 705233 2853608 2990906 38490 3823164 576544 1310436 1305934 3596227 593997 3970798 2128689 2083445 3163743 3592117 1226206 1474270 1994971 1440853 419310 2631107 1973095 2647692 3750907 2919931 1188000 3118230 3085952 1043259 348362 1999315 3966282 1062683 486286 546453 2418734 3981312 350461 2838909 1937114 3459785 2121388 3079492 718389 3724941 3291912 3431341 2159027 2979953 2738402 2440374 2552880 1919007 556809 1471459 2377919 355812 3422595 2558094 2390941 2688479 663809 2657939 1434940 17086 1488420 2077393 1601043 3022339 1304652 805335 1176495 3273686 1885591 3490279 1138219 90458 2032389 1015613 426132 1506109 974579 1508424 3502833 1140379 1037982 2704543 213311 3701521 3791930 54426 10634 1373677 1235558 57055 3813027 800796 4470 853968 3936810
288
1 1 1 1 1 1 1 1 1 1 1 1 1 1 1 1 1 1 1 1 1 1 1 1 1 1 1 1 1 1 1 1 1 1 1 1 1 1 1 1 1 1 1 1 1 1 1 1 1 1 1 1 1 1 1 1 1 1 1 1 1 1 1 1 1 1 1 1 1 1 1 1 1 1 1 1 1 1 1 1 1 1 1 1 1 1 1 1 1 1 1 1 1 1 1 1 1 1 1 1 1 1 1 1 1 1 1 1 1 1 1 1 1 1 1 1 1 1 1 1 1 1 1 1 1 1 1 1 1 1 1 1 1 1 1 1 1 1 1 1 1 1 1 1 1 1 1 1 1 1 1 1 1 1 1 1 1 1 1 1 1 1 1 1 1 1 1 1 1 1 1 1 1 1 1 1 1 1 1 1 1 1 1 1 1 1 1 1 1 1 1 1 1 1 1 1 1 1 1 1 1 1 1 1 1 1 1 1 1 1 1 1 1 1 1 1 1 1 1 1 1 1 1 1 1 1 1 1 1 1 1 1 1 1 1 1 1 1 1 1 1 1 1 1 1 1 1 1 1 1 1 1 1 1 1 1 1 1 1 1 1 1 1 1 1 1 1 1 1 1 1 1 1 1 1 1 1 1 1 1 1 1 1 1 1 1 1 1 3984768 1363547 916039 3460407 1145575 32551 1523494 40938 1741835 3841246 380953 3181780 2324777 807016 1667905 200025 1995068 931952 2404201 501970 98771 2306694 76845 1716409 1912199 613762 3790642 1053337 3601559 2086900 1064904 3169112 1764558 1541740 1660012 3800196 3919929 2317677 2986815 2401797 2988840 2664039 927450 563766 273633 2389064 3394258 3169763 2698948 2915701 329540 3182674 2653073 2730564 244791 141608 787857 1719314 1668550 1346159 895725 440077 690591 3415189 1683084 3795067 298128 2639057 3253192 521697 2582621 2532756 3690464 583383 1326431 3760191 1130054 537379 1709021 2301403 2172132 2999654 912081 1017438 688147 672404 1042222 1365188 2775590 2498321 913513 954944 3894069 2422216 2303650 2569384 800825 3646640 1071187 3256661 297957 704223 505101 2505482 3222265 129439 1213184 3599012 322541 3126372 2516713 2693175 768988 834224 480519 1341008 3363344 990470 1375311 2829125 1992987 1317731 3961778 1131354 1148484 2304252 2576504 3228238 531044 800074 3584804 3636208 3952930 3899447 1241410 1020392 1371768 351349 3917198 405519 2254392 901246 3510500 3895902 1490728 791912 3395601 935113 3752192 1829754 3927918 3299140 787128 3537596 19789 1624085 3203179 261142 3551935 1380839 339488 2770794 3063804 3021119 504031 3075318 3130821 914528 3654351 2565661 690600 3097573 1408271 544787 1942260 2346098 1496053 153255 2845182 3824463 261887 3825515 327283 481816 2057985 2721923 3677254 1883373 458168 2466693 23142 181037 3981311 1163799 3756276 3810868 537964 987826 377634 2096689 2279471 1793591 2361704 648031 1799793 1323028 1654747 2321413 1310005 2996664 1498924 2437745 2844753 3025083 2735256 2021281 1652371 2491888 2134795 360480 1787897 83541 511476 674546 1160225 3700767 2254136 3294375 2915113 1156607 3869791 1155430 2902703 3445703 3367824 950787 1832661 957175 2199459 2925704 633186 1028488 3890155 3739483 1388196 2372551 1716250 3538646 2812279 112464 3885157 807630 1251537 3589277 1187047 2853015 2341732 1497369 2856222 738096 535049 2912638 836089 3732755 2394174 1045300 329279 439231 2653112 1354228 382191 667881 3927660 449825 2023819 3734346 705233 2052705 1772500 2853608 2666468 214826 2990906 2807620 1156151 38490 468469 2879771 3984768 916039 1145575 1523494 1741835 380953 2324777 1667905 1995068 2404201 98771 76845 1912199 3790642 3601559 1064904 1764558 1660012 3919929 2986815 2988840 927450 273633 3394258 2698948 329540 2653073 244791 787857 1668550 895725 690591 1683084 298128 3253192 2582621 3690464 1326431 1130054 1709021 2172132 912081 688147 1042222 2775590 913513 3894069 2303650 800825 1071187 297957 505101 3222265 1213184 322541 2516713 768988 480519 3363344 1375311 1992987 3961778 1148484 2576504 531044 3584804 3952930 1241410 1371768 3917198 2254392 3510500 1490728 3395601 3752192 3927918 787128 19789 3203179 3551935 339488 3063804 504031 3130821 3654351 690600 1408271 1942260 1496053 2845182 261887 327283 2057985 3677254 458168 23142 3981311 3756276 537964 377634 2279471 2361704 1799793 1654747 1310005 1498924 2844753 2735256 1652371 2134795 1787897 511476 1160225 2254136 2915113 3869791 2902703 3367824 1832661 2199459 633186 3890155 1388196 1716250 2812279 3885157 1251537 1187047 2341732 2856222 535049 836089 2394174 329279 2653112 382191 3927660 2023819 705233 1772500 2666468 2990906 1156151 468469 3823164 2314245 2264904 1310436 1178246 3213284 3596227 58058 1319581 3970798 2887610 1996021 2083445 192502 2627748 3592117 3356412 3620642 1474270 1199567 1698634 1440853 1479372 1702626 2631107 2858784 672072 2647692 291397 689289 2919931 1533172 2427418 3118230 1595145 3746414 1043259 1218169 413400 1999315 1121112 244695 1062683 70218 3699465 546453 2391651 329656 3981312 2840237 3377158 2838909 537636 1980751 3459785 3971611 3299706 3079492 2745982 2658411 3724941 2328922 2171107 3431341 3380436 594124 2979953 882976 3898632 2440374 1559028 2789970 1919007 3560615 2719892 1471459 2024422 2216607 355812 496456 658648 2558094 1266626 2238237 2688479 2987617 1523058 2657939 1755528 1111738 17086 730278 3875647 2077393 1246851 2149588 3022339 1243058 1966947 805335 1940750 2000100 3273686 1526114 550593 3490279 3509035 620710 90458 215493 1479264 1015613 2825368 35838 1506109 3942926 326866 1508424 3209749 2176895 1140379 3447952 904649 2704543 3489038 669500 3701521 1966006 2087930 54426 1091114 615593 1373677 527569 2989898 57055 3609828 1384282 800796 3727704 1641480 853968 1933483 306514 1 524362 2461275 143523 1659992 3784744 1580568 1678075 2072570 2931432 2919865 2443029 64840 1582972 3057319 1595705 1285821 802095 3739978 2265455 3089044 569580 3686641 3463072 294305 224578 2275748 985115 3296622 2619581 3071256 1562553 3183944 728108 3479668 3855330 3662228 1291594 3504250 2994299 1991782 2853415 1408265 3184695 31839 2964377 67571 3083523 2494041 3049656 56851 447173 781590 2603930 920965 909451 330418 887196 2042509 3831514 3722882 3502953 307515 1518076 3458 173901 3607135 2191178 2184976 1663356 2485845 959686 2332398 3624289 3473293 284002 1069656 2829339 616945 3027594 3351583 245286 2268519 3872305 2733232 1131754 1128547 1072131 1590595 3545538 3602578 3534944 3279536 1131161 993863 3946279 161605 3408225 2674333 2678835 388542 3390772 13971 1856080 1901324 821026 392652 2758563 2510499 1989798 2543916 3565459 1353662 2011674 1337077 233862 1064838 2796769 866539 898817 2941510 3636407 1985454 18487 2922086 3498483 3438316 1566035 3457 3634308 1145860 2047655 524984 1863381 905277 3266380 259828 692857 553428 1825742 1004816 1246367 1544395 1431889 2065762 3427960 2513310 1606850 3628957 562174 1426675 1593828 1296290 3320960 1326830 2549829 3967683 2496349 1907376 2383726 962430 2680117 3179434 2808274 711083 2099178 494490 2846550 3894311 1952380 2969156 3558637 2478660 3010190 2476345 481936 2844390 2946787 1280226 3771458 283248 192839 3930343 3974135 2611092 2749211 3927714 171742 3183973 3980299 3130801 47959 3984768 3460407 1523494 3841246 2324777 200025 2404201 2306694 1912199 1053337 1064904 1541740 3919929 2401797 927450 2389064 2698948 3182674 244791 1719314 895725 3415189 298128 521697 3690464 3760191 1709021 2999654 688147 1365188 913513 2422216 800825 3256661 505101 129439 322541 2693175 480519 990470 1992987 1131354 2576504 800074 3952930 1020392 3917198 901246 1490728 935113 3927918 3537596 3203179 1380839 3063804 3075318 3654351 3097573 1942260 153255 261887 481816 3677254 2466693 3981311 3810868 377634 1793591 1799793 2321413 1498924 3025083 1652371 360480 511476 3700767 2915113 1155430 3367824 957175 633186 3739483 1716250 112464 1251537 2853015 2856222 2912638 2394174 439231 382191 449825 705233 2853608 2990906 38490
576
1 1 1 1 1 1 1 1 1 1 1 1 1 1 1 1 1 1 1 1 1 1 1 1 1 1 1 1 1 1 1 1 1 1 1 1 1 1 1 1 1 1 1 1 1 1 1 1 1 1 1 1 1 1 1 1 1 1 1 1 1 1 1 1 1 1 1 1 1 1 1 1 1 1 1 1 1 1 1 1 1 1 1 1 1 1 1 1 1 1 1 1 1 1 1 1 1 1 1 1 1 1 1 1 1 1 1 1 1 1 1 1 1 1 1 1 1 1 1 1 1 1 1 1 1 1 1 1 1 1 1 1 1 1 1 1 1 1 1 1 1 1 1 1 1 1 1 1 1 1 1 1 1 1 1 1 1 1 1 1 1 1 1 1 1 1 1 1 1 1 1 1 1 1 1 1 1 1 1 1 1 1 1 1 1 1 1 1 1 1 1 1 1 1 1 1 1 1 1 1 1 1 1 1 1 1 1 1 1 1 1 1 1 1 1 1 1 1 1 1 1 1 1 1 1 1 1 1 1 1 1 1 1 1 1 1 1 1 1 1 1 1 1 1 1 1 1 1 1 1 1 1 1 1 1 1 1 1 1 1 1 1 1 1 1 1 1 1 1 1 1 1 1 1 1 1 1 1 1 1 1 1 1 1 1 1 1 1 3823164 2272004 2314245 576544 2264904 509275 1310436 1068950 1178246 1305934 3213284 949909 3596227 316079 58058 593997 1319581 3758605 3970798 2919317 2887610 2128689 1996021 506355 2083445 2122831 192502 3163743 2627748 2550185 3592117 1909035 3356412 1226206 3620642 2061069 1474270 3814199 1199567 1994971 1698634 3595066 1440853 3630783 1479372 419310 1702626 3509896 2631107 895393 2858784 1973095 672072 3460929 2647692 32473 291397 3750907 689289 1546409 2919931 2471242 1533172 1188000 2427418 2020976 3118230 2949953 1595145 3085952 3746414 2516007 1043259 1959944 1218169 348362 413400 3062478 1999315 3801969 1121112 3966282 244695 3529512 1062683 3182559 70218 486286 3699465 385356 546453 1591288 2391651 2418734 329656 417213 3981312 3785021 2840237 350461 3377158 955275 2838909 2055751 537636 1937114 1980751 1451020 3459785 516012 3971611 2121388 3299706 2064712 3079492 1935775 2745982 718389 2658411 304872 3724941 1878126 2328922 3291912 2171107 1981410 3431341 1490203 3380436 2159027 594124 3478948 2979953 2823699 882976 2738402 3898632 781664 2440374 387021 1559028 2552880 2789970 3740710 1919007 2097556 3560615 556809 2719892 3626756 1471459 3397038 2024422 2377919 2216607 3446240 355812 3149200 496456 3422595 658648 1687071 2558094 2083808 1266626 2390941 2238237 1199999 2688479 461917 2987617 663809 1523058 816849 2657939 2351247 1755528 1434940 1111738 2716908 17086 1380301 730278 1488420 3875647 1701274 2077393 1852676 1246851 1601043 2149588 310387 3022339 2610133 1243058 1304652 1966947 3789821 805335 2548237 1940750 1176495 2000100 1335666 3273686 1174476 1526114 1885591 550593 2924381 3490279 1578309 3509035 1138219 620710 1661999 90458 805100 215493 2032389 1479264 245933 1015613 2665566 2825368 426132 35838 2409630 1506109 3899521 3942926 974579 326866 3243717 1508424 3225264 3209749 3502833 2176895 3598763 1140379 103481 3447952 1037982 904649 1631175 2704543 718102 3489038 213311 669500 3907093 3701521 2210100 1966006 3791930 2087930 3234951 54426 3913603 1091114 10634 615593 1601479 1373677 3379052 527569 1235558 2989898 2517691 57055 1455871 3609828 3813027 1384282 3689818 800796 3341813 3727704 4470 1641480 1648202 853968 3692684 1933483 3936810 306514 236176 1 3068730 2839194 2461275 2242934 3603816 1659992 2316864 1989701 1580568 3885998 3907924 2072570 194127 383210 2919865 2220211 2324757 64840 997954 995929 3057319 3711136 590511 1285821 3655229 1331696 3739978 3196912 2316219 3089044 3294178 2301685 3686641 731577 1402148 294305 2658338 2854715 2275748 1812637 3072688 3296622 2942547 1209179 3071256 90700 1681119 3183944 2913582 3686812 3479668 762504 2771585 3662228 1468056 3215781 3504250 621425 2609458 1991782 22991 2836285 1408265 3453725 399965 31839 2743359 2613001 67571 1730377 474269 2494041 589168 232577 56851 3197641 3964980 781590 432834 3645281 920965 3480738 853948 330418 3294169 2576498 2042509 2488716 1139587 3722882 3657486 1926784 307515 3526601 3961627 3458 228493 3446805 3607135 1705298 1623065 2184976 2330022 2674764 2485845 1140016 1249513 2332398 1849974 2196872 3473293 2824544 1730633 1069656 114978 1082066 616945 2152108 1785310 3351583 94614 2596573 2268519 1172490 99612 2733232 2797722 1643037 1128547 3449720 3148680 1590595 3655490 1331657 3602578 57109 1960950 3279536 2212269 1318301 993863 2828618 3516300 161605 1670524 1719865 2674333 2806523 771485 388542 3926711 2665188 13971 1097159 1988748 1901324 3792267 1357021 392652 628357 364127 2510499 2785202 2286135 2543916 2505397 2282143 1353662 1125985 3312697 1337077 3693372 3295480 1064838 2451597 1557351 866539 2389624 238355 2941510 2766600 3571369 1985454 2863657 3740074 2922086 3914551 285304 3438316 1593118 3655113 3457 1144532 607611 1145860 3447133 2004018 524984 13158 685063 905277 1238787 1326358 259828 1655847 1813662 553428 604333 3390645 1004816 3101793 86137 1544395 2425741 1194799 2065762 424154 1264877 2513310 1960347 1768162 3628957 3488313 3326121 1426675 2718143 1746532 1296290 997152 2461711 1326830 2229241 2873031 3967683 3254491 109122 1907376 2737918 1835181 962430 2741711 2017822 3179434 2044019 1984669 711083 2458655 3434176 494490 475734 3364059 3894311 3769276 2505505 2969156 1159401 3948931 2478660 41843 3657903 2476345 775020 1807874 2844390 536817 3080120 1280226 495731 3315269 283248 2018763 1896839 3930343 2893655 3369176 2611092 3457200 994871 3927714 374941 2600487 3183973 257065 2343289 3130801 2051286 3678255 3823164 576544 1310436 1305934 3596227 593997 3970798 2128689 2083445 3163743 3592117 1226206 1474270 1994971 1440853 419310 2631107 1973095 2647692 3750907 2919931 1188000 3118230 3085952 1043259 348362 1999315 3966282 1062683 486286 546453 2418734 3981312 350461 2838909 1937114 3459785 2121388 3079492 718389 3724941 3291912 3431341 2159027 2979953 2738402 2440374 2552880 1919007 556809 1471459 2377919 355812 3422595 2558094 2390941 2688479 663809 2657939 1434940 17086 1488420 2077393 1601043 3022339 1304652 805335 1176495 3273686 1885591 3490279 1138219 90458 2032389 1015613 426132 1506109 974579 1508424 3502833 1140379 1037982 2704543 213311 3701521 3791930 54426 10634 1373677 1235558 57055 3813027 800796 4470 853968 3936810 1 524362 2461275 143523 1659992 3784744 1580568 1678075 2072570 2931432 2919865 2443029 64840 1582972 3057319 1595705 1285821 802095 3739978 2265455 3089044 569580 3686641 3463072 294305 224578 2275748 985115 3296622 2619581 3071256 1562553 3183944 728108 3479668 3855330 3662228 1291594 3504250 2994299 1991782 2853415 1408265 3184695 31839 2964377 67571 3083523 2494041 3049656 56851 447173 781590 2603930 920965 909451 330418 887196 2042509 3831514 3722882 3502953 307515 1518076 3458 173901 3607135 2191178 2184976 1663356 2485845 959686 2332398 3624289 3473293 284002 1069656 2829339 616945 3027594 3351583 245286 2268519 3872305 2733232 1131754 1128547 1072131 1590595 3545538 3602578 3534944 3279536 1131161 993863 3946279 161605 3408225 2674333 2678835 388542 3390772 13971 1856080 1901324 821026 392652 2758563 2510499 1989798 2543916 3565459 1353662 2011674 1337077 233862 1064838 2796769 866539 898817 2941510 3636407 1985454 18487 2922086 3498483 3438316 1566035 3457 3634308 1145860 2047655 524984 1863381 905277 3266380 259828 692857 553428 1825742 1004816 1246367 1544395 1431889 2065762 3427960 2513310 1606850 3628957 562174 1426675 1593828 1296290 3320960 1326830 2549829 3967683 2496349 1907376 2383726 962430 2680117 3179434 2808274 711083 2099178 494490 2846550 3894311 1952380 2969156 3558637 2478660 3010190 2476345 481936 2844390 2946787 1280226 3771458 283248 192839 3930343 3974135 2611092 2749211 3927714 171742 3183973 3980299 3130801 47959
864
1 1 1 1 1 1 1 1 1 1 1 1 1 1 1 1 1 1 1 1 1 1 1 1 1 1 1 1 1 1 1 1 1 1 1 1 1 1 1 1 1 1 1 1 1 1 1 1 1 1 1 1 1 1 1 1 1 1 1 1 1 1 1 1 1 1 1 1 1 1 1 1 1 1 1 1 1 1 1 1 1 1 1 1 1 1 1 1 1 1 1 1 1 1 1 1 1 1 1 1 1 1 1 1 1 1 1 1 1 1 1 1 1 1 1 1 1 1 1 1 1 1 1 1 1 1 1 1 1 1 1 1 1 1 1 1 1 1 1 1 1 1 1 1 1 1 1 1 1 1 1 1 1 1 1 1 1 1 1 1 1 1 1 1 1 1 1 1 1 1 1 1 1 1 1 1 1 1 1 1 1 1 1 1 1 1 1 1 1 1 1 1 1 1 1 1 1 1 1 1 1 1 1 1 1 1 1 1 1 1 1 1 1 1 1 1 1 1 1 1 1 1 1 1 1 1 1 1 1 1 1 1 1 1 1 1 1 1 1 1 1 1 1 1 1 1 1 1 1 1 1 1 1 1 1 1 1 1 1 1 1 1 1 1 1 1 1 1 1 1 1 1 1 1 1 1 1 1 1 1 1 1 1 1 1 1 1 1 1 2621222 3068730 524362 2839194 3952218 2461275 3943831 2242934 143523 3603816 802989 1659992 3177753 2316864 3784744 1989701 3052817 1580568 3482799 3885998 1678075 3907924 2268360 2072570 3371007 194127 2931432 383210 1897869 2919865 815657 2220211 2443029 2324757 184573 64840 1667092 997954 1582972 995929 1320730 3057319 3421003 3711136 1595705 590511 815006 1285821 1069068 3655229 802095 1331696 1254205 3739978 3843161 3196912 2265455 2316219 2638610 3089044 3544692 3294178 569580 2301685 189702 3686641 1345712 731577 3463072 1402148 1452013 294305 3401386 2658338 224578 2854715 3447390 2275748 1683366 1812637 985115 3072688 2967331 3296622 3312365 2942547 2619581 1209179 1486448 3071256 3029825 90700 1562553 1681119 1415385 3183944 338129 2913582 728108 3686812 3280546 3479668 1479287 762504 3855330 2771585 385757 3662228 858397 1468056 1291594 3215781 3150545 3504250 2643761 621425 2994299 2609458 1155644 1991782 2667038 22991 2853415 2836285 1680517 1408265 756531 3453725 3184695 399965 348561 31839 85322 2743359 2964377 2613001 3633420 67571 3579250 1730377 3083523 474269 88867 2494041 3192857 589168 3049656 232577 2155015 56851 685629 3197641 447173 3964980 2360684 781590 3723627 432834 2603930 3645281 1213975 920965 963650 3480738 909451 853948 3070241 330418 1419108 3294169 887196 2576498 3439982 2042509 1638671 2488716 3831514 1139587 160306 3722882 159254 3657486 3502953 1926784 1262846 307515 2101396 3526601 1518076 3961627 3803732 3458 2820970 228493 173901 3446805 2996943 3607135 1888080 1705298 2191178 1623065 3336738 2184976 2661741 2330022 1663356 2674764 988105 2485845 1547024 1140016 959686 1249513 1963488 2332398 1492881 1849974 3624289 2196872 3901228 3473293 3310223 2824544 284002 1730633 690394 1069656 2828162 114978 2829339 1082066 539066 616945 3033982 2152108 3027594 1785310 1059065 3351583 2956281 94614 245286 2596573 1612218 2268519 446123 1172490 3872305 99612 3177139 2733232 395492 2797722 1131754 1643037 2487400 1128547 3246673 3449720 1072131 3148680 252014 1590595 2939469 3655490 3545538 1331657 2630541 3602578 3316888 57109 3534944 1960950 250423 3279536 1932064 2212269 1131161 1318301 3769943 993863 1177149 2828618 3946279 3516300 1104998 3984768 916039 1145575 1523494 1741835 380953 2324777 1667905 1995068 2404201 98771 76845 1912199 3790642 3601559 1064904 1764558 1660012 3919929 2986815 2988840 927450 273633 3394258 2698948 329540 2653073 244791 787857 1668550 895725 690591 1683084 298128 3253192 2582621 3690464 1326431 1130054 1709021 2172132 912081 688147 1042222 2775590 913513 3894069 2303650 800825 1071187 297957 505101 3222265 1213184 322541 2516713 768988 480519 3363344 1375311 1992987 3961778 1148484 2576504 531044 3584804 3952930 1241410 1371768 3917198 2254392 3510500 1490728 3395601 3752192 3927918 787128 19789 3203179 3551935 339488 3063804 504031 3130821 3654351 690600 1408271 1942260 1496053 2845182 261887 327283 2057985 3677254 458168 23142 3981311 3756276 537964 377634 2279471 2361704 1799793 1654747 1310005 1498924 2844753 2735256 1652371 2134795 1787897 511476 1160225 2254136 2915113 3869791 2902703 3367824 1832661 2199459 633186 3890155 1388196 1716250 2812279 3885157 1251537 1187047 2341732 2856222 535049 836089 2394174 329279 2653112 382191 3927660 2023819 705233 1772500 2666468 2990906 1156151 468469 3823164 2314245 2264904 1310436 1178246 3213284 3596227 58058 1319581 3970798 2887610 1996021 2083445 192502 2627748 3592117 3356412 3620642 1474270 1199567 1698634 1440853 1479372 1702626 2631107 2858784 672072 2647692 291397 689289 2919931 1533172 2427418 3118230 1595145 3746414 1043259 1218169 413400 1999315 1121112 244695 1062683 70218 3699465 546453 2391651 329656 3981312 2840237 3377158 2838909 537636 1980751 3459785 3971611 3299706 3079492 2745982 2658411 3724941 2328922 2171107 3431341 3380436 594124 2979953 882976 3898632 2440374 1559028 2789970 1919007 3560615 2719892 1471459 2024422 2216607 355812 496456 658648 2558094 1266626 2238237 2688479 2987617 1523058 2657939 1755528 1111738 17086 730278 3875647 2077393 1246851 2149588 3022339 1243058 1966947 805335 1940750 2000100 3273686 1526114 550593 3490279 3509035 620710 90458 215493 1479264 1015613 2825368 35838 1506109 3942926 326866 1508424 3209749 2176895 1140379 3447952 904649 2704543 3489038 669500 3701521 1966006 2087930 54426 1091114 615593 1373677 527569 2989898 57055 3609828 1384282 800796 3727704 1641480 853968 1933483 306514 3984768 3460407 1523494 3841246 2324777 200025 2404201 2306694 1912199 1053337 1064904 1541740 3919929 2401797 927450 2389064 2698948 3182674 244791 1719314 895725 3415189 298128 521697 3690464 3760191 1709021 2999654 688147 1365188 913513 2422216 800825 3256661 505101 129439 322541 2693175 480519 990470 1992987 1131354 2576504 800074 3952930 1020392 3917198 901246 1490728 935113 3927918 3537596 3203179 1380839 3063804 3075318 3654351 3097573 1942260 153255 261887 481816 3677254 2466693 3981311 3810868 377634 1793591 1799793 2321413 1498924 3025083 1652371 360480 511476 3700767 2915113 1155430 3367824 957175 633186 3739483 1716250 112464 1251537 2853015 2856222 2912638 2394174 439231 382191 449825 705233 2853608 2990906 38490 3823164 576544 1310436 1305934 3596227 593997 3970798 2128689 2083445 3163743 3592117 1226206 1474270 1994971 1440853 419310 2631107 1973095 2647692 3750907 2919931 1188000 3118230 3085952 1043259 348362 1999315 3966282 1062683 486286 546453 2418734 3981312 350461 2838909 1937114 3459785 2121388 3079492 718389 3724941 3291912 3431341 2159027 2979953 2738402 2440374 2552880 1919007 556809 1471459 2377919 355812 3422595 2558094 2390941 2688479 663809 2657939 1434940 17086 1488420 2077393 1601043 3022339 1304652 805335 1176495 3273686 1885591 3490279 1138219 90458 2032389 1015613 426132 1506109 974579 1508424 3502833 1140379 1037982 2704543 213311 3701521 3791930 54426 10634 1373677 1235558 57055 3813027 800796 4470 853968 3936810 1 524362 2461275 143523 1659992 3784744 1580568 1678075 2072570 2931432 2919865 2443029 64840 1582972 3057319 1595705 1285821 802095 3739978 2265455 3089044 569580 3686641 3463072 294305 224578 2275748 985115 3296622 2619581 3071256 1562553 3183944 728108 3479668 3855330 3662228 1291594 3504250 2994299 1991782 2853415 1408265 3184695 31839 2964377 67571 3083523 2494041 3049656 56851 447173 781590 2603930 920965 909451 330418 887196 2042509 3831514 3722882 3502953 307515 1518076 3458 173901 3607135 2191178 2184976 1663356 2485845 959686 2332398 3624289 3473293 284002 1069656 2829339 616945 3027594 3351583 245286 2268519 3872305 2733232 1131754 1128547 1072131 1590595 3545538 3602578 3534944 3279536 1131161 993863 3946279
7
0
1 1 1 1 1 1 1 1 1 1 1 1 1 1 1 1 1 1 1 1 1 1 1 1 1 1 1 1 1 1 1 1 1 1 1 1 1 1 1 1 1 1 1 1 1 1 1 1 1 1 1 1 1 1 1 1 1 1 1 1 1 1 1 1 1 1 1 1 1 1 1 1 161605 1719865 2806523 388542 2665188 1097159 1901324 1357021 628357 2510499 2286135 2505397 1353662 3312697 3693372 1064838 1557351 2389624 2941510 3571369 2863657 2922086 285304 1593118 3457 607611 3447133 524984 685063 1238787 259828 1813662 604333 1004816 86137 2425741 2065762 1264877 1960347 3628957 3326121 2718143 1296290 2461711 2229241 3967683 109122 2737918 962430 2017822 2044019 711083 3434176 475734 3894311 2505505 1159401 2478660 3657903 775020 2844390 3080120 495731 283248 1896839 2893655 2611092 994871 374941 3183973 2343289 2051286 1 2242934 1989701 2072570 2220211 995929 1285821 3196912 2301685 294305 1812637 1209179 3183944 762504 3215781 1991782 3453725 2613001 2494041 3197641 3645281 330418 2488716 1926784 3458 1705298 2674764 2332398 2824544 1082066 3351583 1172490 1643037 1590595 57109 1318301 161605 2806523 2665188 1901324 628357 2286135 1353662 3693372 1557351 2941510 2863657 285304 3457 3447133 685063 259828 604333 86137 2065762 1960347 3326121 1296290 2229241 109122 962430 2044019 3434176 3894311 1159401 3657903 2844390 495731 1896839 2611092 374941 2343289 161605 388542 1901324 2510499 1353662 1064838 2941510 2922086 3457 524984 259828 1004816 2065762 3628957 1296290 3967683 962430 711083 3894311 2478660 2844390 283248 2611092 3183973 3984768 2324777 1912199 3919929 2698948 895725 3690464 688147 800825 322541 1992987 3952930 1490728 3203179 3654351 261887 3981311 1799793 1652371 2915113 633186 1251537 2394174 705233 3823164 3596227 2083445 1474270 2631107 2919931 1043259 1062683 3981312 3459785 3724941 2979953 1919007 355812 2688479 17086 3022339 3273686 90458 1506109 1140379 3701521 1373677 800796 1 1 1 1 1 1 1 1 1 1 1 1 1 1 1 1 1 1 1 1 1 1 1 1 1 1 1 1 1 1 1 1 1 1 1 1 1 1 1 1 1 1 1 1 1 1 1 1 1 1 1 1 1 1 1 1 1 1 1 1 1 1 1 1 1 1 1 1 1 1 1 1 161605 1719865 2806523 388542 2665188 1097159 1901324 1357021 628357 2510499 2286135 2505397 1353662 3312697 3693372 1064838 1557351 2389624 2941510 3571369 2863657 2922086 285304 1593118 3457 607611 3447133 524984 685063 1238787 259828 1813662 604333 1004816 86137 2425741 2065762 1264877 1960347 3628957 3326121 2718143 1296290 2461711 2229241 3967683 109122 2737918 962430 2017822 2044019 711083 3434176 475734 3894311 2505505 1159401 2478660 3657903 775020 2844390 3080120 495731 283248 1896839 2893655 2611092 994871 374941 3183973 2343289 2051286 1 2242934 1989701 2072570 2220211 995929 1285821 3196912 2301685 294305 1812637 1209179 3183944 762504 3215781 1991782 3453725 2613001 2494041 3197641 3645281 330418 2488716 1926784 3458 1705298 2674764 2332398 2824544 1082066 3351583 1172490 1643037 1590595 57109 1318301 161605 2806523 2665188 1901324 628357 2286135 1353662 3693372 1557351 2941510 2863657 285304 3457 3447133 685063 259828 604333 86137 2065762 1960347 3326121 1296290 2229241 109122 962430 2044019 3434176 3894311 1159401 3657903 2844390 495731 1896839 2611092 374941 2343289 161605 388542 1901324 2510499 1353662 1064838 2941510 2922086 3457 524984 259828 1004816 2065762 3628957 1296290 3967683 962430 711083 3894311 2478660 2844390 283248 2611092 3183973 3984768 2324777 1912199 3919929 2698948 895725 3690464 688147 800825 322541 1992987 3952930 1490728 3203179 3654351 261887 3981311 1799793 1652371 2915113 633186 1251537 2394174 705233 3823164 3596227 2083445 1474270 2631107 2919931 1043259 1062683 3981312 3459785 3724941 2979953 1919007 355812 2688479 17086 3022339 3273686 90458 1506109 1140379 3701521 1373677 800796 1 1 1 1 1 1 1 1 1 1 1 1 1 1 1 1 1 1 1 1 1 1 1 1 1 1 1 1 1 1 1 1 1 1 1 1 1 1 1 1 1 1 1 1 1 1 1 1 1 1 1 1 1 1 1 1 1 1 1 1 1 1 1 1 1 1 1 1 1 1 1 1 161605 1719865 2806523 388542 2665188 1097159 1901324 1357021 628357 2510499 2286135 2505397 1353662 3312697 3693372 1064838 1557351 2389624 2941510 3571369 2863657 2922086 285304 1593118 3457 607611 3447133 524984 685063 1238787 259828 1813662 604333 1004816 86137 2425741 2065762 1264877 1960347 3628957 3326121 2718143 1296290 2461711 2229241 3967683 109122 2737918 962430 2017822 2044019 711083 3434176 475734 3894311 2505505 1159401 2478660 3657903 775020 2844390 3080120 495731 283248 1896839 2893655 2611092 994871 374941 3183973 2343289 2051286 1 2242934 1989701 2072570 2220211 995929 1285821 3196912 2301685 294305 1812637 1209179 3183944 762504 3215781 1991782 3453725 2613001 2494041 3197641 3645281 330418 2488716 1926784 3458 1705298 2674764 2332398 2824544 1082066 3351583 1172490 1643037 1590595 57109 1318301 161605 2806523 2665188 1901324 628357 2286135 1353662 3693372 1557351 2941510 2863657 285304 3457 3447133 685063 259828 604333 86137 2065762 1960347 3326121 1296290 2229241 109122 962430 2044019 3434176 3894311 1159401 3657903 2844390 495731 1896839 2611092 374941 2343289 161605 388542 1901324 2510499 1353662 1064838 2941510 2922086 3457 524984 259828 1004816 2065762 3628957 1296290 3967683 962430 711083 3894311 2478660 2844390 283248 2611092 3183973 3984768 2324777 1912199 3919929 2698948 895725 3690464 688147 800825 322541 1992987 3952930 1490728 3203179 3654351 261887 3981311 1799793 1652371 2915113 633186 1251537 2394174 705233 3823164 3596227 2083445 1474270 2631107 2919931 1043259 1062683 3981312 3459785 3724941 2979953 1919007 355812 2688479 17086 3022339 3273686 90458 1506109 1140379 3701521 1373677 800796 1 1 1 1 1 1 1 1 1 1 1 1 1 1 1 1 1 1 1 1 1 1 1 1 1 1 1 1 1 1 1 1 1 1 1 1 1 1 1 1 1 1 1 1 1 1 1 1 1 1 1 1 1 1 1 1 1 1 1 1 1 1 1 1 1 1 1 1 1 1 1 1 161605 1719865 2806523 388542 2665188 1097159 1901324 1357021 628357 2510499 2286135 2505397 1353662 3312697 3693372 1064838 1557351 2389624 2941510 3571369 2863657 2922086 285304 1593118 3457 607611 3447133 524984 685063 1238787 259828 1813662 604333 1004816 86137 2425741 2065762 1264877 1960347 3628957 3326121 2718143 1296290 2461711 2229241 3967683 109122 2737918 962430 2017822 2044019 711083 3434176 475734 3894311 2505505 1159401 2478660 3657903 775020 2844390 3080120 495731 283248 1896839 2893655 2611092 994871 374941 3183973 2343289 2051286 1 2242934 1989701 2072570 2220211 995929 1285821 3196912 2301685 294305 1812637 1209179 3183944 762504 3215781 1991782 3453725 2613001 2494041 3197641 3645281 330418 2488716 1926784 3458 1705298 2674764 2332398 2824544 1082066 3351583 1172490 1643037 1590595 57109 1318301 161605 2806523 2665188 1901324 628357 2286135 1353662 3693372 1557351 2941510 2863657 285304 3457 3447133 685063 259828 604333 86137 2065762 1960347 3326121 1296290 2229241 109122 962430 2044019 3434176 3894311 1159401 3657903 2844390 495731 1896839 2611092 374941 2343289 161605 388542 1901324 2510499 1353662 1064838 2941510 2922086 3457 524984 259828 1004816 2065762 3628957 1296290 3967683 962430 711083 3894311 2478660 2844390 283248 2611092 3183973 3984768 2324777 1912199 3919929 2698948 895725 3690464 688147 800825 322541 1992987 3952930 1490728 3203179 3654351 261887 3981311 1799793 1652371 2915113 633186 1251537 2394174 705233 3823164 3596227 2083445 1474270 2631107 2919931 1043259 1062683 3981312 3459785 3724941 2979953 1919007 355812 2688479 17086 3022339 3273686 90458 1506109 1140379 3701521 1373677 800796
72
1 1 1 1 1 1 1 1 1 1 1 1 1 1 1 1 1 1 1 1 1 1 1 1 1 1 1 1 1 1 1 1 1 1 1 1 1 1 1 1 1 1 1 1 1 1 1 1 1 1 1 1 1 1 1 1 1 1 1 1 1 1 1 1 1 1 1 1 1 1 1 1 3984768 1145575 1741835 2324777 1995068 98771 1912199 3601559 1764558 3919929 2988840 273633 2698948 2653073 787857 895725 1683084 3253192 3690464 1130054 2172132 688147 2775590 3894069 800825 297957 3222265 322541 768988 3363344 1992987 1148484 531044 3952930 1371768 2254392 1490728 3752192 787128 3203179 339488 504031 3654351 1408271 1496053 261887 2057985 458168 3981311 537964 2279471 1799793 1310005 2844753 1652371 1787897 1160225 2915113 2902703 1832661 633186 1388196 2812279 1251537 2341732 535049 2394174 2653112 3927660 705233 2666468 1156151 3984768 1741835 1995068 1912199 1764558 2988840 2698948 787857 1683084 3690464 2172132 2775590 800825 3222265 768988 1992987 531044 1371768 1490728 787128 339488 3654351 1496053 2057985 3981311 2279471 1310005 1652371 1160225 2902703 633186 2812279 2341732 2394174 3927660 2666468 3823164 1178246 1319581 2083445 3356412 1698634 2631107 291397 2427418 1043259 1121112 3699465 3981312 537636 3299706 3724941 3380436 3898632 1919007 2024422 658648 2688479 1755528 3875647 3022339 1940750 550593 90458 2825368 326866 1140379 3489038 2087930 1373677 3609828 1641480 0 0 0 0 0 0 0 0 0 0 0 0 0 0 0 0 0 0 0 0 0 0 0 0 0 0 0 0 0 0 0 0 0 0 0 0 0 0 0 0 0 0 0 0 0 0 0 0 0 0 0 0 0 0 0 0 0 0 0 0 0 0 0 0 0 0 0 0 0 0 0 0 1 1 1 1 1 1 1 1 1 1 1 1 1 1 1 1 1 1 1 1 1 1 1 1 1 1 1 1 1 1 1 1 1 1 1 1 1 1 1 1 1 1 1 1 1 1 1 1 1 1 1 1 1 1 1 1 1 1 1 1 1 1 1 1 1 1 1 1 1 1 1 1 3984768 1145575 1741835 2324777 1995068 98771 1912199 3601559 1764558 3919929 2988840 273633 2698948 2653073 787857 895725 1683084 3253192 3690464 1130054 2172132 688147 2775590 3894069 800825 297957 3222265 322541 768988 3363344 1992987 1148484 531044 3952930 1371768 2254392 1490728 3752192 787128 3203179 339488 504031 3654351 1408271 1496053 261887 2057985 458168 3981311 537964 2279471 1799793 1310005 2844753 1652371 1787897 1160225 2915113 2902703 1832661 633186 1388196 2812279 1251537 2341732 535049 2394174 2653112 3927660 705233 2666468 1156151 3984768 1741835 1995068 1912199 1764558 2988840 2698948 787857 1683084 3690464 2172132 2775590 800825 3222265 768988 1992987 531044 1371768 1490728 787128 339488 3654351 1496053 2057985 3981311 2279471 1310005 1652371 1160225 2902703 633186 2812279 2341732 2394174 3927660 2666468 3823164 1178246 1319581 2083445 3356412 1698634 2631107 291397 2427418 1043259 1121112 3699465 3981312 537636 3299706 3724941 3380436 3898632 1919007 2024422 658648 2688479 1755528 3875647 3022339 1940750 550593 90458 2825368 326866 1140379 3489038 2087930 1373677 3609828 1641480 0 0 0 0 0 0 0 0 0 0 0 0 0 0 0 0 0 0 0 0 0 0 0 0 0 0 0 0 0 0 0 0 0 0 0 0 0 0 0 0 0 0 0 0 0 0 0 0 0 0 0 0 0 0 0 0 0 0 0 0 0 0 0 0 0 0 0 0 0 0 0 0 1 1 1 1 1 1 1 1 1 1 1 1 1 1 1 1 1 1 1 1 1 1 1 1 1 1 1 1 1 1 1 1 1 1 1 1 1 1 1 1 1 1 1 1 1 1 1 1 1 1 1 1 1 1 1 1 1 1 1 1 1 1 1 1 1 1 1 1 1 1 1 1 3984768 1145575 1741835 2324777 1995068 98771 1912199 3601559 1764558 3919929 2988840 273633 2698948 2653073 787857 895725 1683084 3253192 3690464 1130054 2172132 688147 2775590 3894069 800825 297957 3222265 322541 768988 3363344 1992987 1148484 531044 3952930 1371768 2254392 1490728 3752192 787128 3203179 339488 504031 3654351 1408271 1496053 261887 2057985 458168 3981311 537964 2279471 1799793 1310005 2844753 1652371 1787897 1160225 2915113 2902703 1832661 633186 1388196 2812279 1251537 2341732 535049 2394174 2653112 3927660 705233 2666468 1156151 3984768 1741835 1995068 1912199 1764558 2988840 2698948 787857 1683084 3690464 2172132 2775590 800825 3222265 768988 1992987 531044 1371768 1490728 787128 339488 3654351 1496053 2057985 3981311 2279471 1310005 1652371 1160225 2902703 633186 2812279 2341732 2394174 3927660 2666468 3823164 1178246 1319581 2083445 3356412 1698634 2631107 291397 2427418 1043259 1121112 3699465 3981312 537636 3299706 3724941 3380436 3898632 1919007 2024422 658648 2688479 1755528 3875647 3022339 1940750 550593 90458 2825368 326866 1140379 3489038 2087930 1373677 3609828 1641480 0 0 0 0 0 0 0 0 0 0 0 0 0 0 0 0 0 0 0 0 0 0 0 0 0 0 0 0 0 0 0 0 0 0 0 0 0 0 0 0 0 0 0 0 0 0 0 0 0 0 0 0 0 0 0 0 0 0 0 0 0 0 0 0 0 0 0 0 0 0 0 0 1 1 1 1 1 1 1 1 1 1 1 1 1 1 1 1 1 1 1 1 1 1 1 1 1 1 1 1 1 1 1 1 1 1 1 1 1 1 1 1 1 1 1 1 1 1 1 1 1 1 1 1 1 1 1 1 1 1 1 1 1 1 1 1 1 1 1 1 1 1 1 1 3984768 1145575 1741835 2324777 1995068 98771 1912199 3601559 1764558 3919929 2988840 273633 2698948 2653073 787857 895725 1683084 3253192 3690464 1130054 2172132 688147 2775590 3894069 800825 297957 3222265 322541 768988 3363344 1992987 1148484 531044 3952930 1371768 2254392 1490728 3752192 787128 3203179 339488 504031 3654351 1408271 1496053 261887 2057985 458168 3981311 537964 2279471 1799793 1310005 2844753 1652371 1787897 1160225 2915113 2902703 1832661 633186 1388196 2812279 1251537 2341732 535049 2394174 2653112 3927660 705233 2666468 1156151 3984768 1741835 1995068 1912199 1764558 2988840 2698948 787857 1683084 3690464 2172132 2775590 800825 3222265 768988 1992987 531044 1371768 1490728 787128 339488 3654351 1496053 2057985 3981311 2279471 1310005 1652371 1160225 2902703 633186 2812279 2341732 2394174 3927660 2666468 3823164 1178246 1319581 2083445 3356412 1698634 2631107 291397 2427418 1043259 1121112 3699465 3981312 537636 3299706 3724941 3380436 3898632 1919007 2024422 658648 2688479 1755528 3875647 3022339 1940750 550593 90458 2825368 326866 1140379 3489038 2087930 1373677 3609828 1641480 0 0 0 0 0 0 0 0 0 0 0 0 0 0 0 0 0 0 0 0 0 0 0 0 0 0 0 0 0 0 0 0 0 0 0 0 0 0 0 0 0 0 0 0 0 0 0 0 0 0 0 0 0 0 0 0 0 0 0 0 0 0 0 0 0 0 0 0 0 0 0 0
144
1 1 1 1 1 1 1 1 1 1 1 1 1 1 1 1 1 1 1 1 1 1 1 1 1 1 1 1 1 1 1 1 1 1 1 1 1 1 1 1 1 1 1 1 1 1 1 1 1 1 1 1 1 1 1 1 1 1 1 1 1 1 1 1 1 1 1 1 1 1 1 1 3823164 2264904 1178246 3596227 1319581 2887610 2083445 2627748 3356412 1474270 1698634 1479372 2631107 672072 291397 2919931 2427418 1595145 1043259 413400 1121112 1062683 3699465 2391651 3981312 3377158 537636 3459785 3299706 2745982 3724941 2171107 3380436 2979953 3898632 1559028 1919007 2719892 2024422 355812 658648 1266626 2688479 1523058 1755528 17086 3875647 1246851 3022339 1966947 1940750 3273686 550593 3509035 90458 1479264 2825368 1506109 326866 3209749 1140379 904649 3489038 3701521 2087930 1091114 1373677 2989898 3609828 800796 1641480 1933483 0 0 0 0 0 0 0 0 0 0 0 0 0 0 0 0 0 0 0 0 0 0 0 0 0 0 0 0 0 0 0 0 0 0 0 0 0 0 0 0 0 0 0 0 0 0 0 0 0 0 0 0 0 0 0 0 0 0 0 0 0 0 0 0 0 0 0 0 0 0 0 0 0 0 0 0 0 0 0 0 0 0 0 0 0 0 0 0 0 0 0 0 0 0 0 0 0 0 0 0 0 0 0 0 0 0 0 0 0 0 0 0 0 0 0 0 0 0 0 0 0 0 0 0 0 0 0 0 0 0 0 0 0 0 0 0 0 0 0 0 0 0 0 0 1 1 1 1 1 1 1 1 1 1 1 1 1 1 1 1 1 1 1 1 1 1 1 1 1 1 1 1 1 1 1 1 1 1 1 1 1 1 1 1 1 1 1 1 1 1 1 1 1 1 1 1 1 1 1 1 1 1 1 1 1 1 1 1 1 1 1 1 1 1 1 1 3823164 2264904 1178246 3596227 1319581 2887610 2083445 2627748 3356412 1474270 1698634 1479372 2631107 672072 291397 2919931 2427418 1595145 1043259 413400 1121112 1062683 3699465 2391651 3981312 3377158 537636 3459785 3299706 2745982 3724941 2171107 3380436 2979953 3898632 1559028 1919007 2719892 2024422 355812 658648 1266626 2688479 1523058 1755528 17086 3875647 1246851 3022339 1966947 1940750 3273686 550593 3509035 90458 1479264 2825368 1506109 326866 3209749 1140379 904649 3489038 3701521 2087930 1091114 1373677 2989898 3609828 800796 1641480 1933483 0 0 0 0 0 0 0 0 0 0 0 0 0 0 0 0 0 0 0 0 0 0 0 0 0 0 0 0 0 0 0 0 0 0 0 0 0 0 0 0 0 0 0 0 0 0 0 0 0 0 0 0 0 0 0 0 0 0 0 0 0 0 0 0 0 0 0 0 0 0 0 0 0 0 0 0 0 0 0 0 0 0 0 0 0 0 0 0 0 0 0 0 0 0 0 0 0 0 0 0 0 0 0 0 0 0 0 0 0 0 0 0 0 0 0 0 0 0 0 0 0 0 0 0 0 0 0 0 0 0 0 0 0 0 0 0 0 0 0 0 0 0 0 0 1 1 1 1 1 1 1 1 1 1 1 1 1 1 1 1 1 1 1 1 1 1 1 1 1 1 1 1 1 1 1 1 1 1 1 1 1 1 1 1 1 1 1 1 1 1 1 1 1 1 1 1 1 1 1 1 1 1 1 1 1 1 1 1 1 1 1 1 1 1 1 1 3823164 2264904 1178246 3596227 1319581 2887610 2083445 2627748 3356412 1474270 1698634 1479372 2631107 672072 291397 2919931 2427418 1595145 1043259 413400 1121112 1062683 3699465 2391651 3981312 3377158 537636 3459785 3299706 2745982 3724941 2171107 3380436 2979953 3898632 1559028 1919007 2719892 2024422 355812 658648 1266626 2688479 1523058 1755528 17086 3875647 1246851 3022339 1966947 1940750 3273686 550593 3509035 90458 1479264 2825368 1506109 326866 3209749 1140379 904649 3489038 3701521 2087930 1091114 1373677 2989898 3609828 800796 1641480 1933483 0 0 0 0 0 0 0 0 0 0 0 0 0 0 0 0 0 0 0 0 0 0 0 0 0 0 0 0 0 0 0 0 0 0 0 0 0 0 0 0 0 0 0 0 0 0 0 0 0 0 0 0 0 0 0 0 0 0 0 0 0 0 0 0 0 0 0 0 0 0 0 0 0 0 0 0 0 0 0 0 0 0 0 0 0 0 0 0 0 0 0 0 0 0 0 0 0 0 0 0 0 0 0 0 0 0 0 0 0 0 0 0 0 0 0 0 0 0 0 0 0 0 0 0 0 0 0 0 0 0 0 0 0 0 0 0 0 0 0 0 0 0 0 0 1 1 1 1 1 1 1 1 1 1 1 1 1 1 1 1 1 1 1 1 1 1 1 1 1 1 1 1 1 1 1 1 1 1 1 1 1 1 1 1 1 1 1 1 1 1 1 1 1 1 1 1 1 1 1 1 1 1 1 1 1 1 1 1 1 1 1 1 1 1 1 1 3823164 2264904 1178246 3596227 1319581 2887610 2083445 2627748 3356412 1474270 1698634 1479372 2631107 672072 291397 2919931 2427418 1595145 1043259 413400 1121112 1062683 3699465 2391651 3981312 3377158 537636 3459785 3299706 2745982 3724941 2171107 3380436 2979953 3898632 1559028 1919007 2719892 2024422 355812 658648 1266626 2688479 1523058 1755528 17086 3875647 1246851 3022339 1966947 1940750 3273686 550593 3509035 90458 1479264 2825368 1506109 326866 3209749 1140379 904649 3489038 3701521 2087930 1091114 1373677 2989898 3609828 800796 1641480 1933483 0 0 0 0 0 0 0 0 0 0 0 0 0 0 0 0 0 0 0 0 0 0 0 0 0 0 0 0 0 0 0 0 0 0 0 0 0 0 0 0 0 0 0 0 0 0 0 0 0 0 0 0 0 0 0 0 0 0 0 0 0 0 0 0 0 0 0 0 0 0 0 0 0 0 0 0 0 0 0 0 0 0 0 0 0 0 0 0 0 0 0 0 0 0 0 0 0 0 0 0 0 0 0 0 0 0 0 0 0 0 0 0 0 0 0 0 0 0 0 0 0 0 0 0 0 0 0 0 0 0 0 0 0 0 0 0 0 0 0 0 0 0 0 0
216
1 1 1 1 1 1 1 1 1 1 1 1 1 1 1 1 1 1 1 1 1 1 1 1 1 1 1 1 1 1 1 1 1 1 1 1 1 1 1 1 1 1 1 1 1 1 1 1 1 1 1 1 1 1 1 1 1 1 1 1 1 1 1 1 1 1 1 1 1 1 1 1 0 0 0 0 0 0 0 0 0 0 0 0 0 0 0 0 0 0 0 0 0 0 0 0 0 0 0 0 0 0 0 0 0 0 0 0 0 0 0 0 0 0 0 0 0 0 0 0 0 0 0 0 0 0 0 0 0 0 0 0 0 0 0 0 0 0 0 0 0 0 0 0 0 0 0 0 0 0 0 0 0 0 0 0 0 0 0 0 0 0 0 0 0 0 0 0 0 0 0 0 0 0 0 0 0 0 0 0 0 0 0 0 0 0 0 0 0 0 0 0 0 0 0 0 0 0 0 0 0 0 0 0 0 0 0 0 0 0 0 0 0 0 0 0 0 0 0 0 0 0 0 0 0 0 0 0 0 0 0 0 0 0 0 0 0 0 0 0 0 0 0 0 0 0 0 0 0 0 0 0 0 0 0 0 0 0 0 0 0 0 0 0 0 0 0 0 0 0 0 0 0 0 0 0 0 0 0 0 0 0 0 0 0 0 0 0 1 1 1 1 1 1 1 1 1 1 1 1 1 1 1 1 1 1 1 1 1 1 1 1 1 1 1 1 1 1 1 1 1 1 1 1 1 1 1 1 1 1 1 1 1 1 1 1 1 1 1 1 1 1 1 1 1 1 1 1 1 1 1 1 1 1 1 1 1 1 1 1 0 0 0 0 0 0 0 0 0 0 0 0 0 0 0 0 0 0 0 0 0 0 0 0 0 0 0 0 0 0 0 0 0 0 0 0 0 0 0 0 0 0 0 0 0 0 0 0 0 0 0 0 0 0 0 0 0 0 0 0 0 0 0 0 0 0 0 0 0 0 0 0 0 0 0 0 0 0 0 0 0 0 0 0 0 0 0 0 0 0 0 0 0 0 0 0 0 0 0 0 0 0 0 0 0 0 0 0 0 0 0 0 0 0 0 0 0 0 0 0 0 0 0 0 0 0 0 0 0 0 0 0 0 0 0 0 0 0 0 0 0 0 0 0 0 0 0 0 0 0 0 0 0 0 0 0 0 0 0 0 0 0 0 0 0 0 0 0 0 0 0 0 0 0 0 0 0 0 0 0 0 0 0 0 0 0 0 0 0 0 0 0 0 0 0 0 0 0 0 0 0 0 0 0 0 0 0 0 0 0 0 0 0 0 0 0 1 1 1 1 1 1 1 1 1 1 1 1 1 1 1 1 1 1 1 1 1 1 1 1 1 1 1 1 1 1 1 1 1 1 1 1 1 1 1 1 1 1 1 1 1 1 1 1 1 1 1 1 1 1 1 1 1 1 1 1 1 1 1 1 1 1 1 1 1 1 1 1 0 0 0 0 0 0 0 0 0 0 0 0 0 0 0 0 0 0 0 0 0 0 0 0 0 0 0 0 0 0 0 0 0 0 0 0 0 0 0 0 0 0 0 0 0 0 0 0 0 0 0 0 0 0 0 0 0 0 0 0 0 0 0 0 0 0 0 0 0 0 0 0 0 0 0 0 0 0 0 0 0 0 0 0 0 0 0 0 0 0 0 0 0 0 0 0 0 0 0 0 0 0 0 0 0 0 0 0 0 0 0 0 0 0 0 0 0 0 0 0 0 0 0 0 0 0 0 0 0 0 0 0 0 0 0 0 0 0 0 0 0 0 0 0 0 0 0 0 0 0 0 0 0 0 0 0 0 0 0 0 0 0 0 0 0 0 0 0 0 0 0 0 0 0 0 0 0 0 0 0 0 0 0 0 0 0 0 0 0 0 0 0 0 0 0 0 0 0 0 0 0 0 0 0 0 0 0 0 0 0 0 0 0 0 0 0 1 1 1 1 1 1 1 1 1 1 1 1 1 1 1 1 1 1 1 1 1 1 1 1 1 1 1 1 1 1 1 1 1 1 1 1 1 1 1 1 1 1 1 1 1 1 1 1 1 1 1 1 1 1 1 1 1 1 1 1 1 1 1 1 1 1 1 1 1 1 1 1 0 0 0 0 0 0 0 0 0 0 0 0 0 0 0 0 0 0 0 0 0 0 0 0 0 0 0 0 0 0 0 0 0 0 0 0 0 0 0 0 0 0 0 0 0 0 0 0 0 0 0 0 0 0 0 0 0 0 0 0 0 0 0 0 0 0 0 0 0 0 0 0 0 0 0 0 0 0 0 0 0 0 0 0 0 0 0 0 0 0 0 0 0 0 0 0 0 0 0 0 0 0 0 0 0 0 0 0 0 0 0 0 0 0 0 0 0 0 0 0 0 0 0 0 0 0 0 0 0 0 0 0 0 0 0 0 0 0 0 0 0 0 0 0 0 0 0 0 0 0 0 0 0 0 0 0 0 0 0 0 0 0 0 0 0 0 0 0 0 0 0 0 0 0 0 0 0 0 0 0 0 0 0 0 0 0 0 0 0 0 0 0 0 0 0 0 0 0 0 0 0 0 0 0 0 0 0 0 0 0 0 0 0 0 0 0
936
0 0 0 0 0 0 0 0 0 0 0 0 0 0 0 0 0 0 0 0 0 0 0 0 0 0 0 0 0 0 0 0 0 0 0 0 0 0 0 0 0 0 0 0 0 0 0 0 0 0 0 0 0 0 0 0 0 0 0 0 0 0 0 0 0 0 0 0 0 0 0 0 0 0 0 0 0 0 0 0 0 0 0 0 0 0 0 0 0 0 0 0 0 0 0 0 0 0 0 0 0 0 0 0 0 0 0 0 0 0 0 0 0 0 0 0 0 0 0 0 0 0 0 0 0 0 0 0 0 0 0 0 0 0 0 0 0 0 0 0 0 0 0 0 0 0 0 0 0 0 0 0 0 0 0 0 0 0 0 0 0 0 0 0 0 0 0 0 0 0 0 0 0 0 0 0 0 0 0 0 0 0 0 0 0 0 0 0 0 0 0 0 0 0 0 0 0 0 0 0 0 0 0 0 0 0 0 0 0 0 0 0 0 0 0 0 1 1659992 2072570 64840 1285821 3089044 294305 3296622 3183944 3662228 1991782 31839 2494041 781590 330418 3722882 3458 2184976 2332398 1069656 3351583 2733232 1590595 3279536 161605 388542 1901324 2510499 1353662 1064838 2941510 2922086 3457 524984 259828 1004816 2065762 3628957 1296290 3967683 962430 711083 3894311 2478660 2844390 283248 2611092 3183973 3984768 2324777 1912199 3919929 2698948 895725 3690464 688147 800825 322541 1992987 3952930 1490728 3203179 3654351 261887 3981311 1799793 1652371 2915113 633186 1251537 2394174 705233 0 0 0 0 0 0 0 0 0 0 0 0 0 0 0 0 0 0 0 0 0 0 0 0 0 0 0 0 0 0 0 0 0 0 0 0 0 0 0 0 0 0 0 0 0 0 0 0 0 0 0 0 0 0 0 0 0 0 0 0 0 0 0 0 0 0 0 0 0 0 0 0 0 0 0 0 0 0 0 0 0 0 0 0 0 0 0 0 0 0 0 0 0 0 0 0 0 0 0 0 0 0 0 0 0 0 0 0 0 0 0 0 0 0 0 0 0 0 0 0 0 0 0 0 0 0 0 0 0 0 0 0 0 0 0 0 0 0 0 0 0 0 0 0 0 0 0 0 0 0 0 0 0 0 0 0 0 0 0 0 0 0 0 0 0 0 0 0 0 0 0 0 0 0 0 0 0 0 0 0 0 0 0 0 0 0 0 0 0 0 0 0 0 0 0 0 0 0 0 0 0 0 0 0 0 0 0 0 0 0 0 0 0 0 0 0 1 1659992 2072570 64840 1285821 3089044 294305 3296622 3183944 3662228 1991782 31839 2494041 781590 330418 3722882 3458 2184976 2332398 1069656 3351583 2733232 1590595 3279536 161605 388542 1901324 2510499 1353662 1064838 2941510 2922086 3457 524984 259828 1004816 2065762 3628957 1296290 3967683 962430 711083 3894311 2478660 2844390 283248 2611092 3183973 3984768 2324777 1912199 3919929 2698948 895725 3690464 688147 800825 322541 1992987 3952930 1490728 3203179 3654351 261887 3981311 1799793 1652371 2915113 633186 1251537 2394174 705233 0 0 0 0 0 0 0 0 0 0 0 0 0 0 0 0 0 0 0 0 0 0 0 0 0 0 0 0 0 0 0 0 0 0 0 0 0 0 0 0 0 0 0 0 0 0 0 0 0 0 0 0 0 0 0 0 0 0 0 0 0 0 0 0 0 0 0 0 0 0 0 0 0 0 0 0 0 0 0 0 0 0 0 0 0 0 0 0 0 0 0 0 0 0 0 0 0 0 0 0 0 0 0 0 0 0 0 0 0 0 0 0 0 0 0 0 0 0 0 0 0 0 0 0 0 0 0 0 0 0 0 0 0 0 0 0 0 0 0 0 0 0 0 0 0 0 0 0 0 0 0 0 0 0 0 0 0 0 0 0 0 0 0 0 0 0 0 0 0 0 0 0 0 0 0 0 0 0 0 0 0 0 0 0 0 0 0 0 0 0 0 0 0 0 0 0 0 0 0 0 0 0 0 0 0 0 0 0 0 0 0 0 0 0 0 0 1 1659992 2072570 64840 1285821 3089044 294305 3296622 3183944 3662228 1991782 31839 2494041 781590 330418 3722882 3458 2184976 2332398 1069656 3351583 2733232 1590595 3279536 161605 388542 1901324 2510499 1353662 1064838 2941510 2922086 3457 524984 259828 1004816 2065762 3628957 1296290 3967683 962430 711083 3894311 2478660 2844390 283248 2611092 3183973 3984768 2324777 1912199 3919929 2698948 895725 3690464 688147 800825 322541 1992987 3952930 1490728 3203179 3654351 261887 3981311 1799793 1652371 2915113 633186 1251537 2394174 705233 0 0 0 0 0 0 0 0 0 0 0 0 0 0 0 0 0 0 0 0 0 0 0 0 0 0 0 0 0 0 0 0 0 0 0 0 0 0 0 0 0 0 0 0 0 0 0 0 0 0 0 0 0 0 0 0 0 0 0 0 0 0 0 0 0 0 0 0 0 0 0 0 0 0 0 0 0 0 0 0 0 0 0 0 0 0 0 0 0 0 0 0 0 0 0 0 0 0 0 0 0 0 0 0 0 0 0 0 0 0 0 0 0 0 0 0 0 0 0 0 0 0 0 0 0 0 0 0 0 0 0 0 0 0 0 0 0 0 0 0 0 0 0 0 0 0 0 0 0 0 0 0 0 0 0 0 0 0 0 0 0 0 0 0 0 0 0 0 0 0 0 0 0 0 0 0 0 0 0 0 0 0 0 0 0 0 0 0 0 0 0 0 0 0 0 0 0 0 0 0 0 0 0 0 0 0 0 0 0 0 0 0 0 0 0 0 1 1659992 2072570 64840 1285821 3089044 294305 3296622 3183944 3662228 1991782 31839 2494041 781590 330418 3722882 3458 2184976 2332398 1069656 3351583 2733232 1590595 3279536 161605 388542 1901324 2510499 1353662 1064838 2941510 2922086 3457 524984 259828 1004816 2065762 3628957 1296290 3967683 962430 711083 3894311 2478660 2844390 283248 2611092 3183973 3984768 2324777 1912199 3919929 2698948 895725 3690464 688147 800825 322541 1992987 3952930 1490728 3203179 3654351 261887 3981311 1799793 1652371 2915113 633186 1251537 2394174 705233
1008
0 0 0 0 0 0 0 0 0 0 0 0 0 0 0 0 0 0 0 0 0 0 0 0 0 0 0 0 0 0 0 0 0 0 0 0 0 0 0 0 0 0 0 0 0 0 0 0 0 0 0 0 0 0 0 0 0 0 0 0 0 0 0 0 0 0 0 0 0 0 0 0 0 0 0 0 0 0 0 0 0 0 0 0 0 0 0 0 0 0 0 0 0 0 0 0 0 0 0 0 0 0 0 0 0 0 0 0 0 0 0 0 0 0 0 0 0 0 0 0 0 0 0 0 0 0 0 0 0 0 0 0 0 0 0 0 0 0 0 0 0 0 0 0 1 2242934 1989701 2072570 2220211 995929 1285821 3196912 2301685 294305 1812637 1209179 3183944 762504 3215781 1991782 3453725 2613001 2494041 3197641 3645281 330418 2488716 1926784 3458 1705298 2674764 2332398 2824544 1082066 3351583 1172490 1643037 1590595 57109 1318301 161605 2806523 2665188 1901324 628357 2286135 1353662 3693372 1557351 2941510 2863657 285304 3457 3447133 685063 259828 604333 86137 2065762 1960347 3326121 1296290 2229241 109122 962430 2044019 3434176 3894311 1159401 3657903 2844390 495731 1896839 2611092 374941 2343289 3823164 3596227 2083445 1474270 2631107 2919931 1043259 1062683 3981312 3459785 3724941 2979953 1919007 355812 2688479 17086 3022339 3273686 90458 1506109 1140379 3701521 1373677 800796 1 1659992 2072570 64840 1285821 3089044 294305 3296622 3183944 3662228 1991782 31839 2494041 781590 330418 3722882 3458 2184976 2332398 1069656 3351583 2733232 1590595 3279536 161605 388542 1901324 2510499 1353662 1064838 2941510 2922086 3457 524984 259828 1004816 2065762 3628957 1296290 3967683 962430 711083 3894311 2478660 2844390 283248 2611092 3183973 0 0 0 0 0 0 0 0 0 0 0 0 0 0 0 0 0 0 0 0 0 0 0 0 0 0 0 0 0 0 0 0 0 0 0 0 0 0 0 0 0 0 0 0 0 0 0 0 0 0 0 0 0 0 0 0 0 0 0 0 0 0 0 0 0 0 0 0 0 0 0 0 0 0 0 0 0 0 0 0 0 0 0 0 0 0 0 0 0 0 0 0 0 0 0 0 0 0 0 0 0 0 0 0 0 0 0 0 0 0 0 0 0 0 0 0 0 0 0 0 0 0 0 0 0 0 0 0 0 0 0 0 0 0 0 0 0 0 0 0 0 0 0 0 1 2242934 1989701 2072570 2220211 995929 1285821 3196912 2301685 294305 1812637 1209179 3183944 762504 3215781 1991782 3453725 2613001 2494041 3197641 3645281 330418 2488716 1926784 3458 1705298 2674764 2332398 2824544 1082066 3351583 1172490 1643037 1590595 57109 1318301 161605 2806523 2665188 1901324 628357 2286135 1353662 3693372 1557351 2941510 2863657 285304 3457 3447133 685063 259828 604333 86137 2065762 1960347 3326121 1296290 2229241 109122 962430 2044019 3434176 3894311 1159401 3657903 2844390 495731 1896839 2611092 374941 2343289 3823164 3596227 2083445 1474270 2631107 2919931 1043259 1062683 3981312 3459785 3724941 2979953 1919007 355812 2688479 17086 3022339 3273686 90458 1506109 1140379 3701521 1373677 800796 1 1659992 2072570 64840 1285821 3089044 294305 3296622 3183944 3662228 1991782 31839 2494041 781590 330418 3722882 3458 2184976 2332398 1069656 3351583 2733232 1590595 3279536 161605 388542 1901324 2510499 1353662 1064838 2941510 2922086 3457 524984 259828 1004816 2065762 3628957 1296290 3967683 962430 711083 3894311 2478660 2844390 283248 2611092 3183973 0 0 0 0 0 0 0 0 0 0 0 0 0 0 0 0 0 0 0 0 0 0 0 0 0 0 0 0 0 0 0 0 0 0 0 0 0 0 0 0 0 0 0 0 0 0 0 0 0 0 0 0 0 0 0 0 0 0 0 0 0 0 0 0 0 0 0 0 0 0 0 0 0 0 0 0 0 0 0 0 0 0 0 0 0 0 0 0 0 0 0 0 0 0 0 0 0 0 0 0 0 0 0 0 0 0 0 0 0 0 0 0 0 0 0 0 0 0 0 0 0 0 0 0 0 0 0 0 0 0 0 0 0 0 0 0 0 0 0 0 0 0 0 0 1 2242934 1989701 2072570 2220211 995929 1285821 3196912 2301685 294305 1812637 1209179 3183944 762504 3215781 1991782 3453725 2613001 2494041 3197641 3645281 330418 2488716 1926784 3458 1705298 2674764 2332398 2824544 1082066 3351583 1172490 1643037 1590595 57109 1318301 161605 2806523 2665188 1901324 628357 2286135 1353662 3693372 1557351 2941510 2863657 285304 3457 3447133 685063 259828 604333 86137 2065762 1960347 3326121 1296290 2229241 109122 962430 2044019 3434176 3894311 1159401 3657903 2844390 495731 1896839 2611092 374941 2343289 3823164 3596227 2083445 1474270 2631107 2919931 1043259 1062683 3981312 3459785 3724941 2979953 1919007 355812 2688479 17086 3022339 3273686 90458 1506109 1140379 3701521 1373677 800796 1 1659992 2072570 64840 1285821 3089044 294305 3296622 3183944 3662228 1991782 31839 2494041 781590 330418 3722882 3458 2184976 2332398 1069656 3351583 2733232 1590595 3279536 161605 388542 1901324 2510499 1353662 1064838 2941510 2922086 3457 524984 259828 1004816 2065762 3628957 1296290 3967683 962430 711083 3894311 2478660 2844390 283248 2611092 3183973 0 0 0 0 0 0 0 0 0 0 0 0 0 0 0 0 0 0 0 0 0 0 0 0 0 0 0 0 0 0 0 0 0 0 0 0 0 0 0 0 0 0 0 0 0 0 0 0 0 0 0 0 0 0 0 0 0 0 0 0 0 0 0 0 0 0 0 0 0 0 0 0 0 0 0 0 0 0 0 0 0 0 0 0 0 0 0 0 0 0 0 0 0 0 0 0 0 0 0 0 0 0 0 0 0 0 0 0 0 0 0 0 0 0 0 0 0 0 0 0 0 0 0 0 0 0 0 0 0 0 0 0 0 0 0 0 0 0 0 0 0 0 0 0 1 2242934 1989701 2072570 2220211 995929 1285821 3196912 2301685 294305 1812637 1209179 3183944 762504 3215781 1991782 3453725 2613001 2494041 3197641 3645281 330418 2488716 1926784 3458 1705298 2674764 2332398 2824544 1082066 3351583 1172490 1643037 1590595 57109 1318301 161605 2806523 2665188 1901324 628357 2286135 1353662 3693372 1557351 2941510 2863657 285304 3457 3447133 685063 259828 604333 86137 2065762 1960347 3326121 1296290 2229241 109122 962430 2044019 3434176 3894311 1159401 3657903 2844390 495731 1896839 2611092 374941 2343289 3823164 3596227 2083445 1474270 2631107 2919931 1043259 1062683 3981312 3459785 3724941 2979953 1919007 355812 2688479 17086 3022339 3273686 90458 1506109 1140379 3701521 1373677 800796 1 1659992 2072570 64840 1285821 3089044 294305 3296622 3183944 3662228 1991782 31839 2494041 781590 330418 3722882 3458 2184976 2332398 1069656 3351583 2733232 1590595 3279536 161605 388542 1901324 2510499 1353662 1064838 2941510 2922086 3457 524984 259828 1004816 2065762 3628957 1296290 3967683 962430 711083 3894311 2478660 2844390 283248 2611092 3183973
1080
0 0 0 0 0 0 0 0 0 0 0 0 0 0 0 0 0 0 0 0 0 0 0 0 0 0 0 0 0 0 0 0 0 0 0 0 0 0 0 0 0 0 0 0 0 0 0 0 0 0 0 0 0 0 0 0 0 0 0 0 0 0 0 0 0 0 0 0 0 0 0 0 1 2839194 2242934 1659992 1989701 3885998 2072570 383210 2220211 64840 995929 3711136 1285821 1331696 3196912 3089044 2301685 731577 294305 2854715 1812637 3296622 1209179 90700 3183944 3686812 762504 3662228 3215781 621425 1991782 2836285 3453725 31839 2613001 1730377 2494041 232577 3197641 781590 3645281 3480738 330418 2576498 2488716 3722882 1926784 3526601 3458 3446805 1705298 2184976 2674764 1140016 2332398 2196872 2824544 1069656 1082066 2152108 3351583 2596573 1172490 2733232 1643037 3449720 1590595 1331657 57109 3279536 1318301 2828618 3984768 1741835 1995068 1912199 1764558 2988840 2698948 787857 1683084 3690464 2172132 2775590 800825 3222265 768988 1992987 531044 1371768 1490728 787128 339488 3654351 1496053 2057985 3981311 2279471 1310005 1652371 1160225 2902703 633186 2812279 2341732 2394174 3927660 2666468 3823164 1178246 1319581 2083445 3356412 1698634 2631107 291397 2427418 1043259 1121112 3699465 3981312 537636 3299706 3724941 3380436 3898632 1919007 2024422 658648 2688479 1755528 3875647 3022339 1940750 550593 90458 2825368 326866 1140379 3489038 2087930 1373677 3609828 1641480 3984768 2324777 1912199 3919929 2698948 895725 3690464 688147 800825 322541 1992987 3952930 1490728 3203179 3654351 261887 3981311 1799793 1652371 2915113 633186 1251537 2394174 705233 3823164 3596227 2083445 1474270 2631107 2919931 1043259 1062683 3981312 3459785 3724941 2979953 1919007 355812 2688479 17086 3022339 3273686 90458 1506109 1140379 3701521 1373677 800796 1 1659992 2072570 64840 1285821 3089044 294305 3296622 3183944 3662228 1991782 31839 2494041 781590 330418 3722882 3458 2184976 2332398 1069656 3351583 2733232 1590595 3279536 0 0 0 0 0 0 0 0 0 0 0 0 0 0 0 0 0 0 0 0 0 0 0 0 0 0 0 0 0 0 0 0 0 0 0 0 0 0 0 0 0 0 0 0 0 0 0 0 0 0 0 0 0 0 0 0 0 0 0 0 0 0 0 0 0 0 0 0 0 0 0 0 1 2839194 2242934 1659992 1989701 3885998 2072570 383210 2220211 64840 995929 3711136 1285821 1331696 3196912 3089044 2301685 731577 294305 2854715 1812637 3296622 1209179 90700 3183944 3686812 762504 3662228 3215781 621425 1991782 2836285 3453725 31839 2613001 1730377 2494041 232577 3197641 781590 3645281 3480738 330418 2576498 2488716 3722882 1926784 3526601 3458 3446805 1705298 2184976 2674764 1140016 2332398 2196872 2824544 1069656 1082066 2152108 3351583 2596573 1172490 2733232 1643037 3449720 1590595 1331657 57109 3279536 1318301 2828618 3984768 1741835 1995068 1912199 1764558 2988840 2698948 787857 1683084 3690464 2172132 2775590 800825 3222265 768988 1992987 531044 1371768 1490728 787128 339488 3654351 1496053 2057985 3981311 2279471 1310005 1652371 1160225 2902703 633186 2812279 2341732 2394174 3927660 2666468 3823164 1178246 1319581 2083445 3356412 1698634 2631107 291397 2427418 1043259 1121112 3699465 3981312 537636 3299706 3724941 3380436 3898632 1919007 2024422 658648 2688479 1755528 3875647 3022339 1940750 550593 90458 2825368 326866 1140379 3489038 2087930 1373677 3609828 1641480 3984768 2324777 1912199 3919929 2698948 895725 3690464 688147 800825 322541 1992987 3952930 1490728 3203179 3654351 261887 3981311 1799793 1652371 2915113 633186 1251537 2394174 705233 3823164 3596227 2083445 1474270 2631107 2919931 1043259 1062683 3981312 3459785 3724941 2979953 1919007 355812 2688479 17086 3022339 3273686 90458 1506109 1140379 3701521 1373677 800796 1 1659992 2072570 64840 1285821 3089044 294305 3296622 3183944 3662228 1991782 31839 2494041 781590 330418 3722882 3458 2184976 2332398 1069656 3351583 2733232 1590595 3279536 0 0 0 0 0 0 0 0 0 0 0 0 0 0 0 0 0 0 0 0 0 0 0 0 0 0 0 0 0 0 0 0 0 0 0 0 0 0 0 0 0 0 0 0 0 0 0 0 0 0 0 0 0 0 0 0 0 0 0 0 0 0 0 0 0 0 0 0 0 0 0 0 1 2839194 2242934 1659992 1989701 3885998 2072570 383210 2220211 64840 995929 3711136 1285821 1331696 3196912 3089044 2301685 731577 294305 2854715 1812637 3296622 1209179 90700 3183944 3686812 762504 3662228 3215781 621425 1991782 2836285 3453725 31839 2613001 1730377 2494041 232577 3197641 781590 3645281 3480738 330418 2576498 2488716 3722882 1926784 3526601 3458 3446805 1705298 2184976 2674764 1140016 2332398 2196872 2824544 1069656 1082066 2152108 3351583 2596573 1172490 2733232 1643037 3449720 1590595 1331657 57109 3279536 1318301 2828618 3984768 1741835 1995068 1912199 1764558 2988840 2698948 787857 1683084 3690464 2172132 2775590 800825 3222265 768988 1992987 531044 1371768 1490728 787128 339488 3654351 1496053 2057985 3981311 2279471 1310005 1652371 1160225 2902703 633186 2812279 2341732 2394174 3927660 2666468 3823164 1178246 1319581 2083445 3356412 1698634 2631107 291397 2427418 1043259 1121112 3699465 3981312 537636 3299706 3724941 3380436 3898632 1919007 2024422 658648 2688479 1755528 3875647 3022339 1940750 550593 90458 2825368 326866 1140379 3489038 2087930 1373677 3609828 1641480 3984768 2324777 1912199 3919929 2698948 895725 3690464 688147 800825 322541 1992987 3952930 1490728 3203179 3654351 261887 3981311 1799793 1652371 2915113 633186 1251537 2394174 705233 3823164 3596227 2083445 1474270 2631107 2919931 1043259 1062683 3981312 3459785 3724941 2979953 1919007 355812 2688479 17086 3022339 3273686 90458 1506109 1140379 3701521 1373677 800796 1 1659992 2072570 64840 1285821 3089044 294305 3296622 3183944 3662228 1991782 31839 2494041 781590 330418 3722882 3458 2184976 2332398 1069656 3351583 2733232 1590595 3279536 0 0 0 0 0 0 0 0 0 0 0 0 0 0 0 0 0 0 0 0 0 0 0 0 0 0 0 0 0 0 0 0 0 0 0 0 0 0 0 0 0 0 0 0 0 0 0 0 0 0 0 0 0 0 0 0 0 0 0 0 0 0 0 0 0 0 0 0 0 0 0 0 1 2839194 2242934 1659992 1989701 3885998 2072570 383210 2220211 64840 995929 3711136 1285821 1331696 3196912 3089044 2301685 731577 294305 2854715 1812637 3296622 1209179 90700 3183944 3686812 762504 3662228 3215781 621425 1991782 2836285 3453725 31839 2613001 1730377 2494041 232577 3197641 781590 3645281 3480738 330418 2576498 2488716 3722882 1926784 3526601 3458 3446805 1705298 2184976 2674764 1140016 2332398 2196872 2824544 1069656 1082066 2152108 3351583 2596573 1172490 2733232 1643037 3449720 1590595 1331657 57109 3279536 1318301 2828618 3984768 1741835 1995068 1912199 1764558 2988840 2698948 787857 1683084 3690464 2172132 2775590 800825 3222265 768988 1992987 531044 1371768 1490728 787128 339488 3654351 1496053 2057985 3981311 2279471 1310005 1652371 1160225 2902703 633186 2812279 2341732 2394174 3927660 2666468 3823164 1178246 1319581 2083445 3356412 1698634 2631107 291397 2427418 1043259 1121112 3699465 3981312 537636 3299706 3724941 3380436 3898632 1919007 2024422 658648 2688479 1755528 3875647 3022339 1940750 550593 90458 2825368 326866 1140379 3489038 2087930 1373677 3609828 1641480 3984768 2324777 1912199 3919929 2698948 895725 3690464 688147 800825 322541 1992987 3952930 1490728 3203179 3654351 261887 3981311 1799793 1652371 2915113 633186 1251537 2394174 705233 3823164 3596227 2083445 1474270 2631107 2919931 1043259 1062683 3981312 3459785 3724941 2979953 1919007 355812 2688479 17086 3022339 3273686 90458 1506109 1140379 3701521 1373677 800796 1 1659992 2072570 64840 1285821 3089044 294305 3296622 3183944 3662228 1991782 31839 2494041 781590 330418 3722882 3458 2184976 2332398 1069656 3351583 2733232 1590595 3279536
7
0
1 1 1 1 1 1 1 1 1 1 1 1 1 1 1 1 1 1 161605 2665188 628357 1353662 1557351 2863657 3457 685063 604333 2065762 3326121 2229241 962430 3434176 1159401 2844390 1896839 374941 1 2220211 2301685 3183944 3453725 3645281 3458 2824544 1643037 161605 628357 1557351 3457 604333 3326121 962430 1159401 1896839 161605 1353662 3457 2065762 962430 2844390 3984768 2698948 800825 1490728 3981311 633186 3823164 2631107 3981312 1919007 3022339 1140379 1 1 1 1 1 1 1 1 1 1 1 1 1 1 1 1 1 1 161605 2665188 628357 1353662 1557351 2863657 3457 685063 604333 2065762 3326121 2229241 962430 3434176 1159401 2844390 1896839 374941 1 2220211 2301685 3183944 3453725 3645281 3458 2824544 1643037 161605 628357 1557351 3457 604333 3326121 962430 1159401 1896839 161605 1353662 3457 2065762 962430 2844390 3984768 2698948 800825 1490728 3981311 633186 3823164 2631107 3981312 1919007 3022339 1140379 1 1 1 1 1 1 1 1 1 1 1 1 1 1 1 1 1 1 161605 2665188 628357 1353662 1557351 2863657 3457 685063 604333 2065762 3326121 2229241 962430 3434176 1159401 2844390 1896839 374941 1 2220211 2301685 3183944 3453725 3645281 3458 2824544 1643037 161605 628357 1557351 3457 604333 3326121 962430 1159401 1896839 161605 1353662 3457 2065762 962430 2844390 3984768 2698948 800825 1490728 3981311 633186 3823164 2631107 3981312 1919007 3022339 1140379 1 1 1 1 1 1 1 1 1 1 1 1 1 1 1 1 1 1 161605 2665188 628357 1353662 1557351 2863657 3457 685063 604333 2065762 3326121 2229241 962430 3434176 1159401 2844390 1896839 374941 1 2220211 2301685 3183944 3453725 3645281 3458 2824544 1643037 161605 628357 1557351 3457 604333 3326121 962430 1159401 1896839 161605 1353662 3457 2065762 962430 2844390 3984768 2698948 800825 1490728 3981311 633186 3823164 2631107 3981312 1919007 3022339 1140379 1 1 1 1 1 1 1 1 1 1 1 1 1 1 1 1 1 1 161605 2665188 628357 1353662 1557351 2863657 3457 685063 604333 2065762 3326121 2229241 962430 3434176 1159401 2844390 1896839 374941 1 2220211 2301685 3183944 3453725 3645281 3458 2824544 1643037 161605 628357 1557351 3457 604333 3326121 962430 1159401 1896839 161605 1353662 3457 2065762 962430 2844390 3984768 2698948 800825 1490728 3981311 633186 3823164 2631107 3981312 1919007 3022339 1140379 1 1 1 1 1 1 1 1 1 1 1 1 1 1 1 1 1 1 161605 2665188 628357 1353662 1557351 2863657 3457 685063 604333 2065762 3326121 2229241 962430 3434176 1159401 2844390 1896839 374941 1 2220211 2301685 3183944 3453725 3645281 3458 2824544 1643037 161605 628357 1557351 3457 604333 3326121 962430 1159401 1896839 161605 1353662 3457 2065762 962430 2844390 3984768 2698948 800825 1490728 3981311 633186 3823164 2631107 3981312 1919007 3022339 1140379 1 1 1 1 1 1 1 1 1 1 1 1 1 1 1 1 1 1 161605 2665188 628357 1353662 1557351 2863657 3457 685063 604333 2065762 3326121 2229241 962430 3434176 1159401 2844390 1896839 374941 1 2220211 2301685 3183944 3453725 3645281 3458 2824544 1643037 161605 628357 1557351 3457 604333 3326121 962430 1159401 1896839 161605 1353662 3457 2065762 962430 2844390 3984768 2698948 800825 1490728 3981311 633186 3823164 2631107 3981312 1919007 3022339 1140379 1 1 1 1 1 1 1 1 1 1 1 1 1 1 1 1 1 1 161605 2665188 628357 1353662 1557351 2863657 3457 685063 604333 2065762 3326121 2229241 962430 3434176 1159401 2844390 1896839 374941 1 2220211 2301685 3183944 3453725 3645281 3458 2824544 1643037 161605 628357 1557351 3457 604333 3326121 962430 1159401 1896839 161605 1353662 3457 2065762 962430 2844390 3984768 2698948 800825 1490728 3981311 633186 3823164 2631107 3981312 1919007 3022339 1140379 1 1 1 1 1 1 1 1 1 1 1 1 1 1 1 1 1 1 161605 2665188 628357 1353662 1557351 2863657 3457 685063 604333 2065762 3326121 2229241 962430 3434176 1159401 2844390 1896839 374941 1 2220211 2301685 3183944 3453725 3645281 3458 2824544 1643037 161605 628357 1557351 3457 604333 3326121 962430 1159401 1896839 161605 1353662 3457 2065762 962430 2844390 3984768 2698948 800825 1490728 3981311 633186 3823164 2631107 3981312 1919007 3022339 1140379 1 1 1 1 1 1 1 1 1 1 1 1 1 1 1 1 1 1 161605 2665188 628357 1353662 1557351 2863657 3457 685063 604333 2065762 3326121 2229241 962430 3434176 1159401 2844390 1896839 374941 1 2220211 2301685 3183944 3453725 3645281 3458 2824544 1643037 161605 628357 1557351 3457 604333 3326121 962430 1159401 1896839 161605 1353662 3457 2065762 962430 2844390 3984768 2698948 800825 1490728 3981311 633186 3823164 2631107 3981312 1919007 3022339 1140379 1 1 1 1 1 1 1 1 1 1 1 1 1 1 1 1 1 1 161605 2665188 628357 1353662 1557351 2863657 3457 685063 604333 2065762 3326121 2229241 962430 3434176 1159401 2844390 1896839 374941 1 2220211 2301685 3183944 3453725 3645281 3458 2824544 1643037 161605 628357 1557351 3457 604333 3326121 962430 1159401 1896839 161605 1353662 3457 2065762 962430 2844390 3984768 2698948 800825 1490728 3981311 633186 3823164 2631107 3981312 1919007 3022339 1140379 1 1 1 1 1 1 1 1 1 1 1 1 1 1 1 1 1 1 161605 2665188 628357 1353662 1557351 2863657 3457 685063 604333 2065762 3326121 2229241 962430 3434176 1159401 2844390 1896839 374941 1 2220211 2301685 3183944 3453725 3645281 3458 2824544 1643037 161605 628357 1557351 3457 604333 3326121 962430 1159401 1896839 161605 1353662 3457 2065762 962430 2844390 3984768 2698948 800825 1490728 3981311 633186 3823164 2631107 3981312 1919007 3022339 1140379 1 1 1 1 1 1 1 1 1 1 1 1 1 1 1 1 1 1 161605 2665188 628357 1353662 1557351 2863657 3457 685063 604333 2065762 3326121 2229241 962430 3434176 1159401 2844390 1896839 374941 1 2220211 2301685 3183944 3453725 3645281 3458 2824544 1643037 161605 628357 1557351 3457 604333 3326121 962430 1159401 1896839 161605 1353662 3457 2065762 962430 2844390 3984768 2698948 800825 1490728 3981311 633186 3823164 2631107 3981312 1919007 3022339 1140379 1 1 1 1 1 1 1 1 1 1 1 1 1 1 1 1 1 1 161605 2665188 628357 1353662 1557351 2863657 3457 685063 604333 2065762 3326121 2229241 962430 3434176 1159401 2844390 1896839 374941 1 2220211 2301685 3183944 3453725 3645281 3458 2824544 1643037 161605 628357 1557351 3457 604333 3326121 962430 1159401 1896839 161605 1353662 3457 2065762 962430 2844390 3984768 2698948 800825 1490728 3981311 633186 3823164 2631107 3981312 1919007 3022339 1140379 1 1 1 1 1 1 1 1 1 1 1 1 1 1 1 1 1 1 161605 2665188 628357 1353662 1557351 2863657 3457 685063 604333 2065762 3326121 2229241 962430 3434176 1159401 2844390 1896839 374941 1 2220211 2301685 3183944 3453725 3645281 3458 2824544 1643037 161605 628357 1557351 3457 604333 3326121 962430 1159401 1896839 161605 1353662 3457 2065762 962430 2844390 3984768 2698948 800825 1490728 3981311 633186 3823164 2631107 3981312 1919007 3022339 1140379 1 1 1 1 1 1 1 1 1 1 1 1 1 1 1 1 1 1 161605 2665188 628357 1353662 1557351 2863657 3457 685063 604333 2065762 3326121 2229241 962430 3434176 1159401 2844390 1896839 374941 1 2220211 2301685 3183944 3453725 3645281 3458 2824544 1643037 161605 628357 1557351 3457 604333 3326121 962430 1159401 1896839 161605 1353662 3457 2065762 962430 2844390 3984768 2698948 800825 1490728 3981311 633186 3823164 2631107 3981312 1919007 3022339 1140379
18
1 1 1 1 1 1 1 1 1 1 1 1 1 1 1 1 1 1 3984768 1995068 1764558 2698948 1683084 2172132 800825 768988 531044 1490728 339488 1496053 3981311 1310005 1160225 633186 2341732 3927660 3984768 1764558 1683084 800825 531044 339488 3981311 1160225 2341732 3823164 3356412 2427418 3981312 3380436 658648 3022339 2825368 2087930 0 0 0 0 0 0 0 0 0 0 0 0 0 0 0 0 0 0 1 1 1 1 1 1 1 1 1 1 1 1 1 1 1 1 1 1 3984768 1995068 1764558 2698948 1683084 2172132 800825 768988 531044 1490728 339488 1496053 3981311 1310005 1160225 633186 2341732 3927660 3984768 1764558 1683084 800825 531044 339488 3981311 1160225 2341732 3823164 3356412 2427418 3981312 3380436 658648 3022339 2825368 2087930 0 0 0 0 0 0 0 0 0 0 0 0 0 0 0 0 0 0 1 1 1 1 1 1 1 1 1 1 1 1 1 1 1 1 1 1 3984768 1995068 1764558 2698948 1683084 2172132 800825 768988 531044 1490728 339488 1496053 3981311 1310005 1160225 633186 2341732 3927660 3984768 1764558 1683084 800825 531044 339488 3981311 1160225 2341732 3823164 3356412 2427418 3981312 3380436 658648 3022339 2825368 2087930 0 0 0 0 0 0 0 0 0 0 0 0 0 0 0 0 0 0 1 1 1 1 1 1 1 1 1 1 1 1 1 1 1 1 1 1 3984768 1995068 1764558 2698948 1683084 2172132 800825 768988 531044 1490728 339488 1496053 3981311 1310005 1160225 633186 2341732 3927660 3984768 1764558 1683084 800825 531044 339488 3981311 1160225 2341732 3823164 3356412 2427418 3981312 3380436 658648 3022339 2825368 2087930 0 0 0 0 0 0 0 0 0 0 0 0 0 0 0 0 0 0 1 1 1 1 1 1 1 1 1 1 1 1 1 1 1 1 1 1 3984768 1995068 1764558 2698948 1683084 2172132 800825 768988 531044 1490728 339488 1496053 3981311 1310005 1160225 633186 2341732 3927660 3984768 1764558 1683084 800825 531044 339488 3981311 1160225 2341732 3823164 3356412 2427418 3981312 3380436 658648 3022339 2825368 2087930 0 0 0 0 0 0 0 0 0 0 0 0 0 0 0 0 0 0 1 1 1 1 1 1 1 1 1 1 1 1 1 1 1 1 1 1 3984768 1995068 1764558 2698948 1683084 2172132 800825 768988 531044 1490728 339488 1496053 3981311 1310005 1160225 633186 2341732 3927660 3984768 1764558 1683084 800825 531044 339488 3981311 1160225 2341732 3823164 3356412 2427418 3981312 3380436 658648 3022339 2825368 2087930 0 0 0 0 0 0 0 0 0 0 0 0 0 0 0 0 0 0 1 1 1 1 1 1 1 1 1 1 1 1 1 1 1 1 1 1 3984768 1995068 1764558 2698948 1683084 2172132 800825 768988 531044 1490728 339488 1496053 3981311 1310005 1160225 633186 2341732 3927660 3984768 1764558 1683084 800825 531044 339488 3981311 1160225 2341732 3823164 3356412 2427418 3981312 3380436 658648 3022339 2825368 2087930 0 0 0 0 0 0 0 0 0 0 0 0 0 0 0 0 0 0 1 1 1 1 1 1 1 1 1 1 1 1 1 1 1 1 1 1 3984768 1995068 1764558 2698948 1683084 2172132 800825 768988 531044 1490728 339488 1496053 3981311 1310005 1160225 633186 2341732 3927660 3984768 1764558 1683084 800825 531044 339488 3981311 1160225 2341732 3823164 3356412 2427418 3981312 3380436 658648 3022339 2825368 2087930 0 0 0 0 0 0 0 0 0 0 0 0 0 0 0 0 0 0 1 1 1 1 1 1 1 1 1 1 1 1 1 1 1 1 1 1 3984768 1995068 1764558 2698948 1683084 2172132 800825 768988 531044 1490728 339488 1496053 3981311 1310005 1160225 633186 2341732 3927660 3984768 1764558 1683084 800825 531044 339488 3981311 1160225 2341732 3823164 3356412 2427418 3981312 3380436 658648 3022339 2825368 2087930 0 0 0 0 0 0 0 0 0 0 0 0 0 0 0 0 0 0 1 1 1 1 1 1 1 1 1 1 1 1 1 1 1 1 1 1 3984768 1995068 1764558 2698948 1683084 2172132 800825 768988 531044 1490728 339488 1496053 3981311 1310005 1160225 633186 2341732 3927660 3984768 1764558 1683084 800825 531044 339488 3981311 1160225 2341732 3823164 3356412 2427418 3981312 3380436 658648 3022339 2825368 2087930 0 0 0 0 0 0 0 0 0 0 0 0 0 0 0 0 0 0 1 1 1 1 1 1 1 1 1 1 1 1 1 1 1 1 1 1 3984768 1995068 1764558 2698948 1683084 2172132 800825 768988 531044 1490728 339488 1496053 3981311 1310005 1160225 633186 2341732 3927660 3984768 1764558 1683084 800825 531044 339488 3981311 1160225 2341732 3823164 3356412 2427418 3981312 3380436 658648 3022339 2825368 2087930 0 0 0 0 0 0 0 0 0 0 0 0 0 0 0 0 0 0 1 1 1 1 1 1 1 1 1 1 1 1 1 1 1 1 1 1 3984768 1995068 1764558 2698948 1683084 2172132 800825 768988 531044 1490728 339488 1496053 3981311 1310005 1160225 633186 2341732 3927660 3984768 1764558 1683084 800825 531044 339488 3981311 1160225 2341732 3823164 3356412 2427418 3981312 3380436 658648 3022339 2825368 2087930 0 0 0 0 0 0 0 0 0 0 0 0 0 0 0 0 0 0 1 1 1 1 1 1 1 1 1 1 1 1 1 1 1 1 1 1 3984768 1995068 1764558 2698948 1683084 2172132 800825 768988 531044 1490728 339488 1496053 3981311 1310005 1160225 633186 2341732 3927660 3984768 1764558 1683084 800825 531044 339488 3981311 1160225 2341732 3823164 3356412 2427418 3981312 3380436 658648 3022339 2825368 2087930 0 0 0 0 0 0 0 0 0 0 0 0 0 0 0 0 0 0 1 1 1 1 1 1 1 1 1 1 1 1 1 1 1 1 1 1 3984768 1995068 1764558 2698948 1683084 2172132 800825 768988 531044 1490728 339488 1496053 3981311 1310005 1160225 633186 2341732 3927660 3984768 1764558 1683084 800825 531044 339488 3981311 1160225 2341732 3823164 3356412 2427418 3981312 3380436 658648 3022339 2825368 2087930 0 0 0 0 0 0 0 0 0 0 0 0 0 0 0 0 0 0 1 1 1 1 1 1 1 1 1 1 1 1 1 1 1 1 1 1 3984768 1995068 1764558 2698948 1683084 2172132 800825 768988 531044 1490728 339488 1496053 3981311 1310005 1160225 633186 2341732 3927660 3984768 1764558 1683084 800825 531044 339488 3981311 1160225 2341732 3823164 3356412 2427418 3981312 3380436 658648 3022339 2825368 2087930 0 0 0 0 0 0 0 0 0 0 0 0 0 0 0 0 0 0 1 1 1 1 1 1 1 1 1 1 1 1 1 1 1 1 1 1 3984768 1995068 1764558 2698948 1683084 2172132 800825 768988 531044 1490728 339488 1496053 3981311 1310005 1160225 633186 2341732 3927660 3984768 1764558 1683084 800825 531044 339488 3981311 1160225 2341732 3823164 3356412 2427418 3981312 3380436 658648 3022339 2825368 2087930 0 0 0 0 0 0 0 0 0 0 0 0 0 0 0 0 0 0
36
1 1 1 1 1 1 1 1 1 1 1 1 1 1 1 1 1 1 3823164 1319581 3356412 2631107 2427418 1121112 3981312 3299706 3380436 1919007 658648 1755528 3022339 550593 2825368 1140379 2087930 3609828 0 0 0 0 0 0 0 0 0 0 0 0 0 0 0 0 0 0 0 0 0 0 0 0 0 0 0 0 0 0 0 0 0 0 0 0 1 1 1 1 1 1 1 1 1 1 1 1 1 1 1 1 1 1 3823164 1319581 3356412 2631107 2427418 1121112 3981312 3299706 3380436 1919007 658648 1755528 3022339 550593 2825368 1140379 2087930 3609828 0 0 0 0 0 0 0 0 0 0 0 0 0 0 0 0 0 0 0 0 0 0 0 0 0 0 0 0 0 0 0 0 0 0 0 0 1 1 1 1 1 1 1 1 1 1 1 1 1 1 1 1 1 1 3823164 1319581 3356412 2631107 2427418 1121112 3981312 3299706 3380436 1919007 658648 1755528 3022339 550593 2825368 1140379 2087930 3609828 0 0 0 0 0 0 0 0 0 0 0 0 0 0 0 0 0 0 0 0 0 0 0 0 0 0 0 0 0 0 0 0 0 0 0 0 1 1 1 1 1 1 1 1 1 1 1 1 1 1 1 1 1 1 3823164 1319581 3356412 2631107 2427418 1121112 3981312 3299706 3380436 1919007 658648 1755528 3022339 550593 2825368 1140379 2087930 3609828 0 0 0 0 0 0 0 0 0 0 0 0 0 0 0 0 0 0 0 0 0 0 0 0 0 0 0 0 0 0 0 0 0 0 0 0 1 1 1 1 1 1 1 1 1 1 1 1 1 1 1 1 1 1 3823164 1319581 3356412 2631107 2427418 1121112 3981312 3299706 3380436 1919007 658648 1755528 3022339 550593 2825368 1140379 2087930 3609828 0 0 0 0 0 0 0 0 0 0 0 0 0 0 0 0 0 0 0 0 0 0 0 0 0 0 0 0 0 0 0 0 0 0 0 0 1 1 1 1 1 1 1 1 1 1 1 1 1 1 1 1 1 1 3823164 1319581 3356412 2631107 2427418 1121112 3981312 3299706 3380436 1919007 658648 1755528 3022339 550593 2825368 1140379 2087930 3609828 0 0 0 0 0 0 0 0 0 0 0 0 0 0 0 0 0 0 0 0 0 0 0 0 0 0 0 0 0 0 0 0 0 0 0 0 1 1 1 1 1 1 1 1 1 1 1 1 1 1 1 1 1 1 3823164 1319581 3356412 2631107 2427418 1121112 3981312 3299706 3380436 1919007 658648 1755528 3022339 550593 2825368 1140379 2087930 3609828 0 0 0 0 0 0 0 0 0 0 0 0 0 0 0 0 0 0 0 0 0 0 0 0 0 0 0 0 0 0 0 0 0 0 0 0 1 1 1 1 1 1 1 1 1 1 1 1 1 1 1 1 1 1 3823164 1319581 3356412 2631107 2427418 1121112 3981312 3299706 3380436 1919007 658648 1755528 3022339 550593 2825368 1140379 2087930 3609828 0 0 0 0 0 0 0 0 0 0 0 0 0 0 0 0 0 0 0 0 0 0 0 0 0 0 0 0 0 0 0 0 0 0 0 0 1 1 1 1 1 1 1 1 1 1 1 1 1 1 1 1 1 1 3823164 1319581 3356412 2631107 2427418 1121112 3981312 3299706 3380436 1919007 658648 1755528 3022339 550593 2825368 1140379 2087930 3609828 0 0 0 0 0 0 0 0 0 0 0 0 0 0 0 0 0 0 0 0 0 0 0 0 0 0 0 0 0 0 0 0 0 0 0 0 1 1 1 1 1 1 1 1 1 1 1 1 1 1 1 1 1 1 3823164 1319581 3356412 2631107 2427418 1121112 3981312 3299706 3380436 1919007 658648 1755528 3022339 550593 2825368 1140379 2087930 3609828 0 0 0 0 0 0 0 0 0 0 0 0 0 0 0 0 0 0 0 0 0 0 0 0 0 0 0 0 0 0 0 0 0 0 0 0 1 1 1 1 1 1 1 1 1 1 1 1 1 1 1 1 1 1 3823164 1319581 3356412 2631107 2427418 1121112 3981312 3299706 3380436 1919007 658648 1755528 3022339 550593 2825368 1140379 2087930 3609828 0 0 0 0 0 0 0 0 0 0 0 0 0 0 0 0 0 0 0 0 0 0 0 0 0 0 0 0 0 0 0 0 0 0 0 0 1 1 1 1 1 1 1 1 1 1 1 1 1 1 1 1 1 1 3823164 1319581 3356412 2631107 2427418 1121112 3981312 3299706 3380436 1919007 658648 1755528 3022339 550593 2825368 1140379 2087930 3609828 0 0 0 0 0 0 0 0 0 0 0 0 0 0 0 0 0 0 0 0 0 0 0 0 0 0 0 0 0 0 0 0 0 0 0 0 1 1 1 1 1 1 1 1 1 1 1 1 1 1 1 1 1 1 3823164 1319581 3356412 2631107 2427418 1121112 3981312 3299706 3380436 1919007 658648 1755528 3022339 550593 2825368 1140379 2087930 3609828 0 0 0 0 0 0 0 0 0 0 0 0 0 0 0 0 0 0 0 0 0 0 0 0 0 0 0 0 0 0 0 0 0 0 0 0 1 1 1 1 1 1 1 1 1 1 1 1 1 1 1 1 1 1 3823164 1319581 3356412 2631107 2427418 1121112 3981312 3299706 3380436 1919007 658648 1755528 3022339 550593 2825368 1140379 2087930 3609828 0 0 0 0 0 0 0 0 0 0 0 0 0 0 0 0 0 0 0 0 0 0 0 0 0 0 0 0 0 0 0 0 0 0 0 0 1 1 1 1 1 1 1 1 1 1 1 1 1 1 1 1 1 1 3823164 1319581 3356412 2631107 2427418 1121112 3981312 3299706 3380436 1919007 658648 1755528 3022339 550593 2825368 1140379 2087930 3609828 0 0 0 0 0 0 0 0 0 0 0 0 0 0 0 0 0 0 0 0 0 0 0 0 0 0 0 0 0 0 0 0 0 0 0 0 1 1 1 1 1 1 1 1 1 1 1 1 1 1 1 1 1 1 3823164 1319581 3356412 2631107 2427418 1121112 3981312 3299706 3380436 1919007 658648 1755528 3022339 550593 2825368 1140379 2087930 3609828 0 0 0 0 0 0 0 0 0 0 0 0 0 0 0 0 0 0 0 0 0 0 0 0 0 0 0 0 0 0 0 0 0 0 0 0
54
1 1 1 1 1 1 1 1 1 1 1 1 1 1 1 1 1 1 0 0 0 0 0 0 0 0 0 0 0 0 0 0 0 0 0 0 0 0 0 0 0 0 0 0 0 0 0 0 0 0 0 0 0 0 0 0 0 0 0 0 0 0 0 0 0 0 0 0 0 0 0 0 1 1 1 1 1 1 1 1 1 1 1 1 1 1 1 1 1 1 0 0 0 0 0 0 0 0 0 0 0 0 0 0 0 0 0 0 0 0 0 0 0 0 0 0 0 0 0 0 0 0 0 0 0 0 0 0 0 0 0 0 0 0 0 0 0 0 0 0 0 0 0 0 1 1 1 1 1 1 1 1 1 1 1 1 1 1 1 1 1 1 0 0 0 0 0 0 0 0 0 0 0 0 0 0 0 0 0 0 0 0 0 0 0 0 0 0 0 0 0 0 0 0 0 0 0 0 0 0 0 0 0 0 0 0 0 0 0 0 0 0 0 0 0 0 1 1 1 1 1 1 1 1 1 1 1 1 1 1 1 1 1 1 0 0 0 0 0 0 0 0 0 0 0 0 0 0 0 0 0 0 0 0 0 0 0 0 0 0 0 0 0 0 0 0 0 0 0 0 0 0 0 0 0 0 0 0 0 0 0 0 0 0 0 0 0 0 1 1 1 1 1 1 1 1 1 1 1 1 1 1 1 1 1 1 0 0 0 0 0 0 0 0 0 0 0 0 0 0 0 0 0 0 0 0 0 0 0 0 0 0 0 0 0 0 0 0 0 0 0 0 0 0 0 0 0 0 0 0 0 0 0 0 0 0 0 0 0 0 1 1 1 1 1 1 1 1 1 1 1 1 1 1 1 1 1 1 0 0 0 0 0 0 0 0 0 0 0 0 0 0 0 0 0 0 0 0 0 0 0 0 0 0 0 0 0 0 0 0 0 0 0 0 0 0 0 0 0 0 0 0 0 0 0 0 0 0 0 0 0 0 1 1 1 1 1 1 1 1 1 1 1 1 1 1 1 1 1 1 0 0 0 0 0 0 0 0 0 0 0 0 0 0 0 0 0 0 0 0 0 0 0 0 0 0 0 0 0 0 0 0 0 0 0 0 0 0 0 0 0 0 0 0 0 0 0 0 0 0 0 0 0 0 1 1 1 1 1 1 1 1 1 1 1 1 1 1 1 1 1 1 0 0 0 0 0 0 0 0 0 0 0 0 0 0 0 0 0 0 0 0 0 0 0 0 0 0 0 0 0 0 0 0 0 0 0 0 0 0 0 0 0 0 0 0 0 0 0 0 0 0 0 0 0 0 1 1 1 1 1 1 1 1 1 1 1 1 1 1 1 1 1 1 0 0 0 0 0 0 0 0 0 0 0 0 0 0 0 0 0 0 0 0 0 0 0 0 0 0 0 0 0 0 0 0 0 0 0 0 0 0 0 0 0 0 0 0 0 0 0 0 0 0 0 0 0 0 1 1 1 1 1 1 1 1 1 1 1 1 1 1 1 1 1 1 0 0 0 0 0 0 0 0 0 0 0 0 0 0 0 0 0 0 0 0 0 0 0 0 0 0 0 0 0 0 0 0 0 0 0 0 0 0 0 0 0 0 0 0 0 0 0 0 0 0 0 0 0 0 1 1 1 1 1 1 1 1 1 1 1 1 1 1 1 1 1 1 0 0 0 0 0 0 0 0 0 0 0 0 0 0 0 0 0 0 0 0 0 0 0 0 0 0 0 0 0 0 0 0 0 0 0 0 0 0 0 0 0 0 0 0 0 0 0 0 0 0 0 0 0 0 1 1 1 1 1 1 1 1 1 1 1 1 1 1 1 1 1 1 0 0 0 0 0 0 0 0 0 0 0 0 0 0 0 0 0 0 0 0 0 0 0 0 0 0 0 0 0 0 0 0 0 0 0 0 0 0 0 0 0 0 0 0 0 0 0 0 0 0 0 0 0 0 1 1 1 1 1 1 1 1 1 1 1 1 1 1 1 1 1 1 0 0 0 0 0 0 0 0 0 0 0 0 0 0 0 0 0 0 0 0 0 0 0 0 0 0 0 0 0 0 0 0 0 0 0 0 0 0 0 0 0 0 0 0 0 0 0 0 0 0 0 0 0 0 1 1 1 1 1 1 1 1 1 1 1 1 1 1 1 1 1 1 0 0 0 0 0 0 0 0 0 0 0 0 0 0 0 0 0 0 0 0 0 0 0 0 0 0 0 0 0 0 0 0 0 0 0 0 0 0 0 0 0 0 0 0 0 0 0 0 0 0 0 0 0 0 1 1 1 1 1 1 1 1 1 1 1 1 1 1 1 1 1 1 0 0 0 0 0 0 0 0 0 0 0 0 0 0 0 0 0 0 0 0 0 0 0 0 0 0 0 0 0 0 0 0 0 0 0 0 0 0 0 0 0 0 0 0 0 0 0 0 0 0 0 0 0 0 1 1 1 1 1 1 1 1 1 1 1 1 1 1 1 1 1 1 0 0 0 0 0 0 0 0 0 0 0 0 0 0 0 0 0 0 0 0 0 0 0 0 0 0 0 0 0 0 0 0 0 0 0 0 0 0 0 0 0 0 0 0 0 0 0 0 0 0 0 0 0 0
1098
0 0 0 0 0 0 0 0 0 0 0 0 0 0 0 0 0 0 0 0 0 0 0 0 0 0 0 0 0 0 0 0 0 0 0 0 0 0 0 0 0 0 0 0 0 0 0 0 0 0 0 0 0 0 1 1285821 3183944 2494041 3458 3351583 161605 1353662 3457 2065762 962430 2844390 3984768 2698948 800825 1490728 3981311 633186 0 0 0 0 0 0 0 0 0 0 0 0 0 0 0 0 0 0 0 0 0 0 0 0 0 0 0 0 0 0 0 0 0 0 0 0 0 0 0 0 0 0 0 0 0 0 0 0 0 0 0 0 0 0 1 1285821 3183944 2494041 3458 3351583 161605 1353662 3457 2065762 962430 2844390 3984768 2698948 800825 1490728 3981311 633186 0 0 0 0 0 0 0 0 0 0 0 0 0 0 0 0 0 0 0 0 0 0 0 0 0 0 0 0 0 0 0 0 0 0 0 0 0 0 0 0 0 0 0 0 0 0 0 0 0 0 0 0 0 0 1 1285821 3183944 2494041 3458 3351583 161605 1353662 3457 2065762 962430 2844390 3984768 2698948 800825 1490728 3981311 633186 0 0 0 0 0 0 0 0 0 0 0 0 0 0 0 0 0 0 0 0 0 0 0 0 0 0 0 0 0 0 0 0 0 0 0 0 0 0 0 0 0 0 0 0 0 0 0 0 0 0 0 0 0 0 1 1285821 3183944 2494041 3458 3351583 161605 1353662 3457 2065762 962430 2844390 3984768 2698948 800825 1490728 3981311 633186 0 0 0 0 0 0 0 0 0 0 0 0 0 0 0 0 0 0 0 0 0 0 0 0 0 0 0 0 0 0 0 0 0 0 0 0 0 0 0 0 0 0 0 0 0 0 0 0 0 0 0 0 0 0 1 1285821 3183944 2494041 3458 3351583 161605 1353662 3457 2065762 962430 2844390 3984768 2698948 800825 1490728 3981311 633186 0 0 0 0 0 0 0 0 0 0 0 0 0 0 0 0 0 0 0 0 0 0 0 0 0 0 0 0 0 0 0 0 0 0 0 0 0 0 0 0 0 0 0 0 0 0 0 0 0 0 0 0 0 0 1 1285821 3183944 2494041 3458 3351583 161605 1353662 3457 2065762 962430 2844390 3984768 2698948 800825 1490728 3981311 633186 0 0 0 0 0 0 0 0 0 0 0 0 0 0 0 0 0 0 0 0 0 0 0 0 0 0 0 0 0 0 0 0 0 0 0 0 0 0 0 0 0 0 0 0 0 0 0 0 0 0 0 0 0 0 1 1285821 3183944 2494041 3458 3351583 161605 1353662 3457 2065762 962430 2844390 3984768 2698948 800825 1490728 3981311 633186 0 0 0 0 0 0 0 0 0 0 0 0 0 0 0 0 0 0 0 0 0 0 0 0 0 0 0 0 0 0 0 0 0 0 0 0 0 0 0 0 0 0 0 0 0 0 0 0 0 0 0 0 0 0 1 1285821 3183944 2494041 3458 3351583 161605 1353662 3457 2065762 962430 2844390 3984768 2698948 800825 1490728 3981311 633186 0 0 0 0 0 0 0 0 0 0 0 0 0 0 0 0 0 0 0 0 0 0 0 0 0 0 0 0 0 0 0 0 0 0 0 0 0 0 0 0 0 0 0 0 0 0 0 0 0 0 0 0 0 0 1 1285821 3183944 2494041 3458 3351583 161605 1353662 3457 2065762 962430 2844390 3984768 2698948 800825 1490728 3981311 633186 0 0 0 0 0 0 0 0 0 0 0 0 0 0 0 0 0 0 0 0 0 0 0 0 0 0 0 0 0 0 0 0 0 0 0 0 0 0 0 0 0 0 0 0 0 0 0 0 0 0 0 0 0 0 1 1285821 3183944 2494041 3458 3351583 161605 1353662 3457 2065762 962430 2844390 3984768 2698948 800825 1490728 3981311 633186 0 0 0 0 0 0 0 0 0 0 0 0 0 0 0 0 0 0 0 0 0 0 0 0 0 0 0 0 0 0 0 0 0 0 0 0 0 0 0 0 0 0 0 0 0 0 0 0 0 0 0 0 0 0 1 1285821 3183944 2494041 3458 3351583 161605 1353662 3457 2065762 962430 2844390 3984768 2698948 800825 1490728 3981311 633186 0 0 0 0 0 0 0 0 0 0 0 0 0 0 0 0 0 0 0 0 0 0 0 0 0 0 0 0 0 0 0 0 0 0 0 0 0 0 0 0 0 0 0 0 0 0 0 0 0 0 0 0 0 0 1 1285821 3183944 2494041 3458 3351583 161605 1353662 3457 2065762 962430 2844390 3984768 2698948 800825 1490728 3981311 633186 0 0 0 0 0 0 0 0 0 0 0 0 0 0 0 0 0 0 0 0 0 0 0 0 0 0 0 0 0 0 0 0 0 0 0 0 0 0 0 0 0 0 0 0 0 0 0 0 0 0 0 0 0 0 1 1285821 3183944 2494041 3458 3351583 161605 1353662 3457 2065762 962430 2844390 3984768 2698948 800825 1490728 3981311 633186 0 0 0 0 0 0 0 0 0 0 0 0 0 0 0 0 0 0 0 0 0 0 0 0 0 0 0 0 0 0 0 0 0 0 0 0 0 0 0 0 0 0 0 0 0 0 0 0 0 0 0 0 0 0 1 1285821 3183944 2494041 3458 3351583 161605 1353662 3457 2065762 962430 2844390 3984768 2698948 800825 1490728 3981311 633186 0 0 0 0 0 0 0 0 0 0 0 0 0 0 0 0 0 0 0 0 0 0 0 0 0 0 0 0 0 0 0 0 0 0 0 0 0 0 0 0 0 0 0 0 0 0 0 0 0 0 0 0 0 0 1 1285821 3183944 2494041 3458 3351583 161605 1353662 3457 2065762 962430 2844390 3984768 2698948 800825 1490728 3981311 633186 0 0 0 0 0 0 0 0 0 0 0 0 0 0 0 0 0 0 0 0 0 0 0 0 0 0 0 0 0 0 0 0 0 0 0 0 0 0 0 0 0 0 0 0 0 0 0 0 0 0 0 0 0 0 1 1285821 3183944 2494041 3458 3351583 161605 1353662 3457 2065762 962430 2844390 3984768 2698948 800825 1490728 3981311 633186
1116
0 0 0 0 0 0 0 0 0 0 0 0 0 0 0 0 0 0 0 0 0 0 0 0 0 0 0 0 0 0 0 0 0 0 0 0 1 2220211 2301685 3183944 3453725 3645281 3458 2824544 1643037 161605 628357 1557351 3457 604333 3326121 962430 1159401 1896839 3823164 2631107 3981312 1919007 3022339 1140379 1 1285821 3183944 2494041 3458 3351583 161605 1353662 3457 2065762 962430 2844390 0 0 0 0 0 0 0 0 0 0 0 0 0 0 0 0 0 0 0 0 0 0 0 0 0 0 0 0 0 0 0 0 0 0 0 0 1 2220211 2301685 3183944 3453725 3645281 3458 2824544 1643037 161605 628357 1557351 3457 604333 3326121 962430 1159401 1896839 3823164 2631107 3981312 1919007 3022339 1140379 1 1285821 3183944 2494041 3458 3351583 161605 1353662 3457 2065762 962430 2844390 0 0 0 0 0 0 0 0 0 0 0 0 0 0 0 0 0 0 0 0 0 0 0 0 0 0 0 0 0 0 0 0 0 0 0 0 1 2220211 2301685 3183944 3453725 3645281 3458 2824544 1643037 161605 628357 1557351 3457 604333 3326121 962430 1159401 1896839 3823164 2631107 3981312 1919007 3022339 1140379 1 1285821 3183944 2494041 3458 3351583 161605 1353662 3457 2065762 962430 2844390 0 0 0 0 0 0 0 0 0 0 0 0 0 0 0 0 0 0 0 0 0 0 0 0 0 0 0 0 0 0 0 0 0 0 0 0 1 2220211 2301685 3183944 3453725 3645281 3458 2824544 1643037 161605 628357 1557351 3457 604333 3326121 962430 1159401 1896839 3823164 2631107 3981312 1919007 3022339 1140379 1 1285821 3183944 2494041 3458 3351583 161605 1353662 3457 2065762 962430 2844390 0 0 0 0 0 0 0 0 0 0 0 0 0 0 0 0 0 0 0 0 0 0 0 0 0 0 0 0 0 0 0 0 0 0 0 0 1 2220211 2301685 3183944 3453725 3645281 3458 2824544 1643037 161605 628357 1557351 3457 604333 3326121 962430 1159401 1896839 3823164 2631107 3981312 1919007 3022339 1140379 1 1285821 3183944 2494041 3458 3351583 161605 1353662 3457 2065762 962430 2844390 0 0 0 0 0 0 0 0 0 0 0 0 0 0 0 0 0 0 0 0 0 0 0 0 0 0 0 0 0 0 0 0 0 0 0 0 1 2220211 2301685 3183944 3453725 3645281 3458 2824544 1643037 161605 628357 1557351 3457 604333 3326121 962430 1159401 1896839 3823164 2631107 3981312 1919007 3022339 1140379 1 1285821 3183944 2494041 3458 3351583 161605 1353662 3457 2065762 962430 2844390 0 0 0 0 0 0 0 0 0 0 0 0 0 0 0 0 0 0 0 0 0 0 0 0 0 0 0 0 0 0 0 0 0 0 0 0 1 2220211 2301685 3183944 3453725 3645281 3458 2824544 1643037 161605 628357 1557351 3457 604333 3326121 962430 1159401 1896839 3823164 2631107 3981312 1919007 3022339 1140379 1 1285821 3183944 2494041 3458 3351583 161605 1353662 3457 2065762 962430 2844390 0 0 0 0 0 0 0 0 0 0 0 0 0 0 0 0 0 0 0 0 0 0 0 0 0 0 0 0 0 0 0 0 0 0 0 0 1 2220211 2301685 3183944 3453725 3645281 3458 2824544 1643037 161605 628357 1557351 3457 604333 3326121 962430 1159401 1896839 3823164 2631107 3981312 1919007 3022339 1140379 1 1285821 3183944 2494041 3458 3351583 161605 1353662 3457 2065762 962430 2844390 0 0 0 0 0 0 0 0 0 0 0 0 0 0 0 0 0 0 0 0 0 0 0 0 0 0 0 0 0 0 0 0 0 0 0 0 1 2220211 2301685 3183944 3453725 3645281 3458 2824544 1643037 161605 628357 1557351 3457 604333 3326121 962430 1159401 1896839 3823164 2631107 3981312 1919007 3022339 1140379 1 1285821 3183944 2494041 3458 3351583 161605 1353662 3457 2065762 962430 2844390 0 0 0 0 0 0 0 0 0 0 0 0 0 0 0 0 0 0 0 0 0 0 0 0 0 0 0 0 0 0 0 0 0 0 0 0 1 2220211 2301685 3183944 3453725 3645281 3458 2824544 1643037 161605 628357 1557351 3457 604333 3326121 962430 1159401 1896839 3823164 2631107 3981312 1919007 3022339 1140379 1 1285821 3183944 2494041 3458 3351583 161605 1353662 3457 2065762 962430 2844390 0 0 0 0 0 0 0 0 0 0 0 0 0 0 0 0 0 0 0 0 0 0 0 0 0 0 0 0 0 0 0 0 0 0 0 0 1 2220211 2301685 3183944 3453725 3645281 3458 2824544 1643037 161605 628357 1557351 3457 604333 3326121 962430 1159401 1896839 3823164 2631107 3981312 1919007 3022339 1140379 1 1285821 3183944 2494041 3458 3351583 161605 1353662 3457 2065762 962430 2844390 0 0 0 0 0 0 0 0 0 0 0 0 0 0 0 0 0 0 0 0 0 0 0 0 0 0 0 0 0 0 0 0 0 0 0 0 1 2220211 2301685 3183944 3453725 3645281 3458 2824544 1643037 161605 628357 1557351 3457 604333 3326121 962430 1159401 1896839 3823164 2631107 3981312 1919007 3022339 1140379 1 1285821 3183944 2494041 3458 3351583 161605 1353662 3457 2065762 962430 2844390 0 0 0 0 0 0 0 0 0 0 0 0 0 0 0 0 0 0 0 0 0 0 0 0 0 0 0 0 0 0 0 0 0 0 0 0 1 2220211 2301685 3183944 3453725 3645281 3458 2824544 1643037 161605 628357 1557351 3457 604333 3326121 962430 1159401 1896839 3823164 2631107 3981312 1919007 3022339 1140379 1 1285821 3183944 2494041 3458 3351583 161605 1353662 3457 2065762 962430 2844390 0 0 0 0 0 0 0 0 0 0 0 0 0 0 0 0 0 0 0 0 0 0 0 0 0 0 0 0 0 0 0 0 0 0 0 0 1 2220211 2301685 3183944 3453725 3645281 3458 2824544 1643037 161605 628357 1557351 3457 604333 3326121 962430 1159401 1896839 3823164 2631107 3981312 1919007 3022339 1140379 1 1285821 3183944 2494041 3458 3351583 161605 1353662 3457 2065762 962430 2844390 0 0 0 0 0 0 0 0 0 0 0 0 0 0 0 0 0 0 0 0 0 0 0 0 0 0 0 0 0 0 0 0 0 0 0 0 1 2220211 2301685 3183944 3453725 3645281 3458 2824544 1643037 161605 628357 1557351 3457 604333 3326121 962430 1159401 1896839 3823164 2631107 3981312 1919007 3022339 1140379 1 1285821 3183944 2494041 3458 3351583 161605 1353662 3457 2065762 962430 2844390 0 0 0 0 0 0 0 0 0 0 0 0 0 0 0 0 0 0 0 0 0 0 0 0 0 0 0 0 0 0 0 0 0 0 0 0 1 2220211 2301685 3183944 3453725 3645281 3458 2824544 1643037 161605 628357 1557351 3457 604333 3326121 962430 1159401 1896839 3823164 2631107 3981312 1919007 3022339 1140379 1 1285821 3183944 2494041 3458 3351583 161605 1353662 3457 2065762 962430 2844390
1134
0 0 0 0 0 0 0 0 0 0 0 0 0 0 0 0 0 0 1 1989701 2220211 1285821 2301685 1812637 3183944 3215781 3453725 2494041 3645281 2488716 3458 2674764 2824544 3351583 1643037 57109 3984768 1764558 1683084 800825 531044 339488 3981311 1160225 2341732 3823164 3356412 2427418 3981312 3380436 658648 3022339 2825368 2087930 3984768 2698948 800825 1490728 3981311 633186 3823164 2631107 3981312 1919007 3022339 1140379 1 1285821 3183944 2494041 3458 3351583 0 0 0 0 0 0 0 0 0 0 0 0 0 0 0 0 0 0 1 1989701 2220211 1285821 2301685 1812637 3183944 3215781 3453725 2494041 3645281 2488716 3458 2674764 2824544 3351583 1643037 57109 3984768 1764558 1683084 800825 531044 339488 3981311 1160225 2341732 3823164 3356412 2427418 3981312 3380436 658648 3022339 2825368 2087930 3984768 2698948 800825 1490728 3981311 633186 3823164 2631107 3981312 1919007 3022339 1140379 1 1285821 3183944 2494041 3458 3351583 0 0 0 0 0 0 0 0 0 0 0 0 0 0 0 0 0 0 1 1989701 2220211 1285821 2301685 1812637 3183944 3215781 3453725 2494041 3645281 2488716 3458 2674764 2824544 3351583 1643037 57109 3984768 1764558 1683084 800825 531044 339488 3981311 1160225 2341732 3823164 3356412 2427418 3981312 3380436 658648 3022339 2825368 2087930 3984768 2698948 800825 1490728 3981311 633186 3823164 2631107 3981312 1919007 3022339 1140379 1 1285821 3183944 2494041 3458 3351583 0 0 0 0 0 0 0 0 0 0 0 0 0 0 0 0 0 0 1 1989701 2220211 1285821 2301685 1812637 3183944 3215781 3453725 2494041 3645281 2488716 3458 2674764 2824544 3351583 1643037 57109 3984768 1764558 1683084 800825 531044 339488 3981311 1160225 2341732 3823164 3356412 2427418 3981312 3380436 658648 3022339 2825368 2087930 3984768 2698948 800825 1490728 3981311 633186 3823164 2631107 3981312 1919007 3022339 1140379 1 1285821 3183944 2494041 3458 3351583 0 0 0 0 0 0 0 0 0 0 0 0 0 0 0 0 0 0 1 1989701 2220211 1285821 2301685 1812637 3183944 3215781 3453725 2494041 3645281 2488716 3458 2674764 2824544 3351583 1643037 57109 3984768 1764558 1683084 800825 531044 339488 3981311 1160225 2341732 3823164 3356412 2427418 3981312 3380436 658648 3022339 2825368 2087930 3984768 2698948 800825 1490728 3981311 633186 3823164 2631107 3981312 1919007 3022339 1140379 1 1285821 3183944 2494041 3458 3351583 0 0 0 0 0 0 0 0 0 0 0 0 0 0 0 0 0 0 1 1989701 2220211 1285821 2301685 1812637 3183944 3215781 3453725 2494041 3645281 2488716 3458 2674764 2824544 3351583 1643037 57109 3984768 1764558 1683084 800825 531044 339488 3981311 1160225 2341732 3823164 3356412 2427418 3981312 3380436 658648 3022339 2825368 2087930 3984768 2698948 800825 1490728 3981311 633186 3823164 2631107 3981312 1919007 3022339 1140379 1 1285821 3183944 2494041 3458 3351583 0 0 0 0 0 0 0 0 0 0 0 0 0 0 0 0 0 0 1 1989701 2220211 1285821 2301685 1812637 3183944 3215781 3453725 2494041 3645281 2488716 3458 2674764 2824544 3351583 1643037 57109 3984768 1764558 1683084 800825 531044 339488 3981311 1160225 2341732 3823164 3356412 2427418 3981312 3380436 658648 3022339 2825368 2087930 3984768 2698948 800825 1490728 3981311 633186 3823164 2631107 3981312 1919007 3022339 1140379 1 1285821 3183944 2494041 3458 3351583 0 0 0 0 0 0 0 0 0 0 0 0 0 0 0 0 0 0 1 1989701 2220211 1285821 2301685 1812637 3183944 3215781 3453725 2494041 3645281 2488716 3458 2674764 2824544 3351583 1643037 57109 3984768 1764558 1683084 800825 531044 339488 3981311 1160225 2341732 3823164 3356412 2427418 3981312 3380436 658648 3022339 2825368 2087930 3984768 2698948 800825 1490728 3981311 633186 3823164 2631107 3981312 1919007 3022339 1140379 1 1285821 3183944 2494041 3458 3351583 0 0 0 0 0 0 0 0 0 0 0 0 0 0 0 0 0 0 1 1989701 2220211 1285821 2301685 1812637 3183944 3215781 3453725 2494041 3645281 2488716 3458 2674764 2824544 3351583 1643037 57109 3984768 1764558 1683084 800825 531044 339488 3981311 1160225 2341732 3823164 3356412 2427418 3981312 3380436 658648 3022339 2825368 2087930 3984768 2698948 800825 1490728 3981311 633186 3823164 2631107 3981312 1919007 3022339 1140379 1 1285821 3183944 2494041 3458 3351583 0 0 0 0 0 0 0 0 0 0 0 0 0 0 0 0 0 0 1 1989701 2220211 1285821 2301685 1812637 3183944 3215781 3453725 2494041 3645281 2488716 3458 2674764 2824544 3351583 1643037 57109 3984768 1764558 1683084 800825 531044 339488 3981311 1160225 2341732 3823164 3356412 2427418 3981312 3380436 658648 3022339 2825368 2087930 3984768 2698948 800825 1490728 3981311 633186 3823164 2631107 3981312 1919007 3022339 1140379 1 1285821 3183944 2494041 3458 3351583 0 0 0 0 0 0 0 0 0 0 0 0 0 0 0 0 0 0 1 1989701 2220211 1285821 2301685 1812637 3183944 3215781 3453725 2494041 3645281 2488716 3458 2674764 2824544 3351583 1643037 57109 3984768 1764558 1683084 800825 531044 339488 3981311 1160225 2341732 3823164 3356412 2427418 3981312 3380436 658648 3022339 2825368 2087930 3984768 2698948 800825 1490728 3981311 633186 3823164 2631107 3981312 1919007 3022339 1140379 1 1285821 3183944 2494041 3458 3351583 0 0 0 0 0 0 0 0 0 0 0 0 0 0 0 0 0 0 1 1989701 2220211 1285821 2301685 1812637 3183944 3215781 3453725 2494041 3645281 2488716 3458 2674764 2824544 3351583 1643037 57109 3984768 1764558 1683084 800825 531044 339488 3981311 1160225 2341732 3823164 3356412 2427418 3981312 3380436 658648 3022339 2825368 2087930 3984768 2698948 800825 1490728 3981311 633186 3823164 2631107 3981312 1919007 3022339 1140379 1 1285821 3183944 2494041 3458 3351583 0 0 0 0 0 0 0 0 0 0 0 0 0 0 0 0 0 0 1 1989701 2220211 1285821 2301685 1812637 3183944 3215781 3453725 2494041 3645281 2488716 3458 2674764 2824544 3351583 1643037 57109 3984768 1764558 1683084 800825 531044 339488 3981311 1160225 2341732 3823164 3356412 2427418 3981312 3380436 658648 3022339 2825368 2087930 3984768 2698948 800825 1490728 3981311 633186 3823164 2631107 3981312 1919007 3022339 1140379 1 1285821 3183944 2494041 3458 3351583 0 0 0 0 0 0 0 0 0 0 0 0 0 0 0 0 0 0 1 1989701 2220211 1285821 2301685 1812637 3183944 3215781 3453725 2494041 3645281 2488716 3458 2674764 2824544 3351583 1643037 57109 3984768 1764558 1683084 800825 531044 339488 3981311 1160225 2341732 3823164 3356412 2427418 3981312 3380436 658648 3022339 2825368 2087930 3984768 2698948 800825 1490728 3981311 633186 3823164 2631107 3981312 1919007 3022339 1140379 1 1285821 3183944 2494041 3458 3351583 0 0 0 0 0 0 0 0 0 0 0 0 0 0 0 0 0 0 1 1989701 2220211 1285821 2301685 1812637 3183944 3215781 3453725 2494041 3645281 2488716 3458 2674764 2824544 3351583 1643037 57109 3984768 1764558 1683084 800825 531044 339488 3981311 1160225 2341732 3823164 3356412 2427418 3981312 3380436 658648 3022339 2825368 2087930 3984768 2698948 800825 1490728 3981311 633186 3823164 2631107 3981312 1919007 3022339 1140379 1 1285821 3183944 2494041 3458 3351583 0 0 0 0 0 0 0 0 0 0 0 0 0 0 0 0 0 0 1 1989701 2220211 1285821 2301685 1812637 3183944 3215781 3453725 2494041 3645281 2488716 3458 2674764 2824544 3351583 1643037 57109 3984768 1764558 1683084 800825 531044 339488 3981311 1160225 2341732 3823164 3356412 2427418 3981312 3380436 658648 3022339 2825368 2087930 3984768 2698948 800825 1490728 3981311 633186 3823164 2631107 3981312 1919007 3022339 1140379 1 1285821 3183944 2494041 3458 3351583
5
0
1 1 1 1 1 1 3457 3326121 1159401 3984768 1683084 531044 3457 1159401 1683084 3981311 3356412 658648 1 1 1 1 1 1 3457 3326121 1159401 3984768 1683084 531044 3457 1159401 1683084 3981311 3356412 658648 1 1 1 1 1 1 3457 3326121 1159401 3984768 1683084 531044 3457 1159401 1683084 3981311 3356412 658648 1 1 1 1 1 1 3457 3326121 1159401 3984768 1683084 531044 3457 1159401 1683084 3981311 3356412 658648 1 1 1 1 1 1 3457 3326121 1159401 3984768 1683084 531044 3457 1159401 1683084 3981311 3356412 658648 1 1 1 1 1 1 3457 3326121 1159401 3984768 1683084 531044 3457 1159401 1683084 3981311 3356412 658648 1 1 1 1 1 1 3457 3326121 1159401 3984768 1683084 531044 3457 1159401 1683084 3981311 3356412 658648 1 1 1 1 1 1 3457 3326121 1159401 3984768 1683084 531044 3457 1159401 1683084 3981311 3356412 658648 1 1 1 1 1 1 3457 3326121 1159401 3984768 1683084 531044 3457 1159401 1683084 3981311 3356412 658648 1 1 1 1 1 1 3457 3326121 1159401 3984768 1683084 531044 3457 1159401 1683084 3981311 3356412 658648 1 1 1 1 1 1 3457 3326121 1159401 3984768 1683084 531044 3457 1159401 1683084 3981311 3356412 658648 1 1 1 1 1 1 3457 3326121 1159401 3984768 1683084 531044 3457 1159401 1683084 3981311 3356412 658648 1 1 1 1 1 1 3457 3326121 1159401 3984768 1683084 531044 3457 1159401 1683084 3981311 3356412 658648 1 1 1 1 1 1 3457 3326121 1159401 3984768 1683084 531044 3457 1159401 1683084 3981311 3356412 658648 1 1 1 1 1 1 3457 3326121 1159401 3984768 1683084 531044 3457 1159401 1683084 3981311 3356412 658648 1 1 1 1 1 1 3457 3326121 1159401 3984768 1683084 531044 3457 1159401 1683084 3981311 3356412 658648 1 1 1 1 1 1 3457 3326121 1159401 3984768 1683084 531044 3457 1159401 1683084 3981311 3356412 658648 1 1 1 1 1 1 3457 3326121 1159401 3984768 1683084 531044 3457 1159401 1683084 3981311 3356412 658648 1 1 1 1 1 1 3457 3326121 1159401 3984768 1683084 531044 3457 1159401 1683084 3981311 3356412 658648 1 1 1 1 1 1 3457 3326121 1159401 3984768 1683084 531044 3457 1159401 1683084 3981311 3356412 658648 1 1 1 1 1 1 3457 3326121 1159401 3984768 1683084 531044 3457 1159401 1683084 3981311 3356412 658648 1 1 1 1 1 1 3457 3326121 1159401 3984768 1683084 531044 3457 1159401 1683084 3981311 3356412 658648 1 1 1 1 1 1 3457 3326121 1159401 3984768 1683084 531044 3457 1159401 1683084 3981311 3356412 658648 1 1 1 1 1 1 3457 3326121 1159401 3984768 1683084 531044 3457 1159401 1683084 3981311 3356412 658648 1 1 1 1 1 1 3457 3326121 1159401 3984768 1683084 531044 3457 1159401 1683084 3981311 3356412 658648 1 1 1 1 1 1 3457 3326121 1159401 3984768 1683084 531044 3457 1159401 1683084 3981311 3356412 658648 1 1 1 1 1 1 3457 3326121 1159401 3984768 1683084 531044 3457 1159401 1683084 3981311 3356412 658648 1 1 1 1 1 1 3457 3326121 1159401 3984768 1683084 531044 3457 1159401 1683084 3981311 3356412 658648 1 1 1 1 1 1 3457 3326121 1159401 3984768 1683084 531044 3457 1159401 1683084 3981311 3356412 658648 1 1 1 1 1 1 3457 3326121 1159401 3984768 1683084 531044 3457 1159401 1683084 3981311 3356412 658648 1 1 1 1 1 1 3457 3326121 1159401 3984768 1683084 531044 3457 1159401 1683084 3981311 3356412 658648 1 1 1 1 1 1 3457 3326121 1159401 3984768 1683084 531044 3457 1159401 1683084 3981311 3356412 658648 1 1 1 1 1 1 3457 3326121 1159401 3984768 1683084 531044 3457 1159401 1683084 3981311 3356412 658648 1 1 1 1 1 1 3457 3326121 1159401 3984768 1683084 531044 3457 1159401 1683084 3981311 3356412 658648 1 1 1 1 1 1 3457 3326121 1159401 3984768 1683084 531044 3457 1159401 1683084 3981311 3356412 658648 1 1 1 1 1 1 3457 3326121 1159401 3984768 1683084 531044 3457 1159401 1683084 3981311 3356412 658648 1 1 1 1 1 1 3457 3326121 1159401 3984768 1683084 531044 3457 1159401 1683084 3981311 3356412 658648 1 1 1 1 1 1 3457 3326121 1159401 3984768 1683084 531044 3457 1159401 1683084 3981311 3356412 658648 1 1 1 1 1 1 3457 3326121 1159401 3984768 1683084 531044 3457 1159401 1683084 3981311 3356412 658648 1 1 1 1 1 1 3457 3326121 1159401 3984768 1683084 531044 3457 1159401 1683084 3981311 3356412 658648 1 1 1 1 1 1 3457 3326121 1159401 3984768 1683084 531044 3457 1159401 1683084 3981311 3356412 658648 1 1 1 1 1 1 3457 3326121 1159401 3984768 1683084 531044 3457 1159401 1683084 3981311 3356412 658648 1 1 1 1 1 1 3457 3326121 1159401 3984768 1683084 531044 3457 1159401 1683084 3981311 3356412 658648 1 1 1 1 1 1 3457 3326121 1159401 3984768 1683084 531044 3457 1159401 1683084 3981311 3356412 658648 1 1 1 1 1 1 3457 3326121 1159401 3984768 1683084 531044 3457 1159401 1683084 3981311 3356412 658648 1 1 1 1 1 1 3457 3326121 1159401 3984768 1683084 531044 3457 1159401 1683084 3981311 3356412 658648 1 1 1 1 1 1 3457 3326121 1159401 3984768 1683084 531044 3457 1159401 1683084 3981311 3356412 658648 1 1 1 1 1 1 3457 3326121 1159401 3984768 1683084 531044 3457 1159401 1683084 3981311 3356412 658648 1 1 1 1 1 1 3457 3326121 1159401 3984768 1683084 531044 3457 1159401 1683084 3981311 3356412 658648 1 1 1 1 1 1 3457 3326121 1159401 3984768 1683084 531044 3457 1159401 1683084 3981311 3356412 658648 1 1 1 1 1 1 3457 3326121 1159401 3984768 1683084 531044 3457 1159401 1683084 3981311 3356412 658648 1 1 1 1 1 1 3457 3326121 1159401 3984768 1683084 531044 3457 1159401 1683084 3981311 3356412 658648 1 1 1 1 1 1 3457 3326121 1159401 3984768 1683084 531044 3457 1159401 1683084 3981311 3356412 658648 1 1 1 1 1 1 3457 3326121 1159401 3984768 1683084 531044 3457 1159401 1683084 3981311 3356412 658648 1 1 1 1 1 1 3457 3326121 1159401 3984768 1683084 531044 3457 1159401 1683084 3981311 3356412 658648 1 1 1 1 1 1 3457 3326121 1159401 3984768 1683084 531044 3457 1159401 1683084 3981311 3356412 658648 1 1 1 1 1 1 3457 3326121 1159401 3984768 1683084 531044 3457 1159401 1683084 3981311 3356412 658648 1 1 1 1 1 1 3457 3326121 1159401 3984768 1683084 531044 3457 1159401 1683084 3981311 3356412 658648 1 1 1 1 1 1 3457 3326121 1159401 3984768 1683084 531044 3457 1159401 1683084 3981311 3356412 658648 1 1 1 1 1 1 3457 3326121 1159401 3984768 1683084 531044 3457 1159401 1683084 3981311 3356412 658648 1 1 1 1 1 1 3457 3326121 1159401 3984768 1683084 531044 3457 1159401 1683084 3981311 3356412 658648 1 1 1 1 1 1 3457 3326121 1159401 3984768 1683084 531044 3457 1159401 1683084 3981311 3356412 658648 1 1 1 1 1 1 3457 3326121 1159401 3984768 1683084 531044 3457 1159401 1683084 3981311 3356412 658648 1 1 1 1 1 1 3457 3326121 1159401 3984768 1683084 531044 3457 1159401 1683084 3981311 3356412 658648
6
1 1 1 1 1 1 3981311 2341732 3356412 3981312 658648 2825368 0 0 0 0 0 0 1 1 1 1 1 1 3981311 2341732 3356412 3981312 658648 2825368 0 0 0 0 0 0 1 1 1 1 1 1 3981311 2341732 3356412 3981312 658648 2825368 0 0 0 0 0 0 1 1 1 1 1 1 3981311 2341732 3356412 3981312 658648 2825368 0 0 0 0 0 0 1 1 1 1 1 1 3981311 2341732 3356412 3981312 658648 2825368 0 0 0 0 0 0 1 1 1 1 1 1 3981311 2341732 3356412 3981312 658648 2825368 0 0 0 0 0 0 1 1 1 1 1 1 3981311 2341732 3356412 3981312 658648 2825368 0 0 0 0 0 0 1 1 1 1 1 1 3981311 2341732 3356412 3981312 658648 2825368 0 0 0 0 0 0 1 1 1 1 1 1 3981311 2341732 3356412 3981312 658648 2825368 0 0 0 0 0 0 1 1 1 1 1 1 3981311 2341732 3356412 3981312 658648 2825368 0 0 0 0 0 0 1 1 1 1 1 1 3981311 2341732 3356412 3981312 658648 2825368 0 0 0 0 0 0 1 1 1 1 1 1 3981311 2341732 3356412 3981312 658648 2825368 0 0 0 0 0 0 1 1 1 1 1 1 3981311 2341732 3356412 3981312 658648 2825368 0 0 0 0 0 0 1 1 1 1 1 1 3981311 2341732 3356412 3981312 658648 2825368 0 0 0 0 0 0 1 1 1 1 1 1 3981311 2341732 3356412 3981312 658648 2825368 0 0 0 0 0 0 1 1 1 1 1 1 3981311 2341732 3356412 3981312 658648 2825368 0 0 0 0 0 0 1 1 1 1 1 1 3981311 2341732 3356412 3981312 658648 2825368 0 0 0 0 0 0 1 1 1 1 1 1 3981311 2341732 3356412 3981312 658648 2825368 0 0 0 0 0 0 1 1 1 1 1 1 3981311 2341732 3356412 3981312 658648 2825368 0 0 0 0 0 0 1 1 1 1 1 1 3981311 2341732 3356412 3981312 658648 2825368 0 0 0 0 0 0 1 1 1 1 1 1 3981311 2341732 3356412 3981312 658648 2825368 0 0 0 0 0 0 1 1 1 1 1 1 3981311 2341732 3356412 3981312 658648 2825368 0 0 0 0 0 0 1 1 1 1 1 1 3981311 2341732 3356412 3981312 658648 2825368 0 0 0 0 0 0 1 1 1 1 1 1 3981311 2341732 3356412 3981312 658648 2825368 0 0 0 0 0 0 1 1 1 1 1 1 3981311 2341732 3356412 3981312 658648 2825368 0 0 0 0 0 0 1 1 1 1 1 1 3981311 2341732 3356412 3981312 658648 2825368 0 0 0 0 0 0 1 1 1 1 1 1 3981311 2341732 3356412 3981312 658648 2825368 0 0 0 0 0 0 1 1 1 1 1 1 3981311 2341732 3356412 3981312 658648 2825368 0 0 0 0 0 0 1 1 1 1 1 1 3981311 2341732 3356412 3981312 658648 2825368 0 0 0 0 0 0 1 1 1 1 1 1 3981311 2341732 3356412 3981312 658648 2825368 0 0 0 0 0 0 1 1 1 1 1 1 3981311 2341732 3356412 3981312 658648 2825368 0 0 0 0 0 0 1 1 1 1 1 1 3981311 2341732 3356412 3981312 658648 2825368 0 0 0 0 0 0 1 1 1 1 1 1 3981311 2341732 3356412 3981312 658648 2825368 0 0 0 0 0 0 1 1 1 1 1 1 3981311 2341732 3356412 3981312 658648 2825368 0 0 0 0 0 0 1 1 1 1 1 1 3981311 2341732 3356412 3981312 658648 2825368 0 0 0 0 0 0 1 1 1 1 1 1 3981311 2341732 3356412 3981312 658648 2825368 0 0 0 0 0 0 1 1 1 1 1 1 3981311 2341732 3356412 3981312 658648 2825368 0 0 0 0 0 0 1 1 1 1 1 1 3981311 2341732 3356412 3981312 658648 2825368 0 0 0 0 0 0 1 1 1 1 1 1 3981311 2341732 3356412 3981312 658648 2825368 0 0 0 0 0 0 1 1 1 1 1 1 3981311 2341732 3356412 3981312 658648 2825368 0 0 0 0 0 0 1 1 1 1 1 1 3981311 2341732 3356412 3981312 658648 2825368 0 0 0 0 0 0 1 1 1 1 1 1 3981311 2341732 3356412 3981312 658648 2825368 0 0 0 0 0 0 1 1 1 1 1 1 3981311 2341732 3356412 3981312 658648 2825368 0 0 0 0 0 0 1 1 1 1 1 1 3981311 2341732 3356412 3981312 658648 2825368 0 0 0 0 0 0 1 1 1 1 1 1 3981311 2341732 3356412 3981312 658648 2825368 0 0 0 0 0 0 1 1 1 1 1 1 3981311 2341732 3356412 3981312 658648 2825368 0 0 0 0 0 0 1 1 1 1 1 1 3981311 2341732 3356412 3981312 658648 2825368 0 0 0 0 0 0 1 1 1 1 1 1 3981311 2341732 3356412 3981312 658648 2825368 0 0 0 0 0 0 1 1 1 1 1 1 3981311 2341732 3356412 3981312 658648 2825368 0 0 0 0 0 0 1 1 1 1 1 1 3981311 2341732 3356412 3981312 658648 2825368 0 0 0 0 0 0 1 1 1 1 1 1 3981311 2341732 3356412 3981312 658648 2825368 0 0 0 0 0 0 1 1 1 1 1 1 3981311 2341732 3356412 3981312 658648 2825368 0 0 0 0 0 0 1 1 1 1 1 1 3981311 2341732 3356412 3981312 658648 2825368 0 0 0 0 0 0 1 1 1 1 1 1 3981311 2341732 3356412 3981312 658648 2825368 0 0 0 0 0 0 1 1 1 1 1 1 3981311 2341732 3356412 3981312 658648 2825368 0 0 0 0 0 0 1 1 1 1 1 1 3981311 2341732 3356412 3981312 658648 2825368 0 0 0 0 0 0 1 1 1 1 1 1 3981311 2341732 3356412 3981312 658648 2825368 0 0 0 0 0 0 1 1 1 1 1 1 3981311 2341732 3356412 3981312 658648 2825368 0 0 0 0 0 0 1 1 1 1 1 1 3981311 2341732 3356412 3981312 658648 2825368 0 0 0 0 0 0 1 1 1 1 1 1 3981311 2341732 3356412 3981312 658648 2825368 0 0 0 0 0 0 1 1 1 1 1 1 3981311 2341732 3356412 3981312 658648 2825368 0 0 0 0 0 0 1 1 1 1 1 1 3981311 2341732 3356412 3981312 658648 2825368 0 0 0 0 0 0 1 1 1 1 1 1 3981311 2341732 3356412 3981312 658648 2825368 0 0 0 0 0 0 1 1 1 1 1 1 3981311 2341732 3356412 3981312 658648 2825368 0 0 0 0 0 0
12
1 1 1 1 1 1 0 0 0 0 0 0 0 0 0 0 0 0 1 1 1 1 1 1 0 0 0 0 0 0 0 0 0 0 0 0 1 1 1 1 1 1 0 0 0 0 0 0 0 0 0 0 0 0 1 1 1 1 1 1 0 0 0 0 0 0 0 0 0 0 0 0 1 1 1 1 1 1 0 0 0 0 0 0 0 0 0 0 0 0 1 1 1 1 1 1 0 0 0 0 0 0 0 0 0 0 0 0 1 1 1 1 1 1 0 0 0 0 0 0 0 0 0 0 0 0 1 1 1 1 1 1 0 0 0 0 0 0 0 0 0 0 0 0 1 1 1 1 1 1 0 0 0 0 0 0 0 0 0 0 0 0 1 1 1 1 1 1 0 0 0 0 0 0 0 0 0 0 0 0 1 1 1 1 1 1 0 0 0 0 0 0 0 0 0 0 0 0 1 1 1 1 1 1 0 0 0 0 0 0 0 0 0 0 0 0 1 1 1 1 1 1 0 0 0 0 0 0 0 0 0 0 0 0 1 1 1 1 1 1 0 0 0 0 0 0 0 0 0 0 0 0 1 1 1 1 1 1 0 0 0 0 0 0 0 0 0 0 0 0 1 1 1 1 1 1 0 0 0 0 0 0 0 0 0 0 0 0 1 1 1 1 1 1 0 0 0 0 0 0 0 0 0 0 0 0 1 1 1 1 1 1 0 0 0 0 0 0 0 0 0 0 0 0 1 1 1 1 1 1 0 0 0 0 0 0 0 0 0 0 0 0 1 1 1 1 1 1 0 0 0 0 0 0 0 0 0 0 0 0 1 1 1 1 1 1 0 0 0 0 0 0 0 0 0 0 0 0 1 1 1 1 1 1 0 0 0 0 0 0 0 0 0 0 0 0 1 1 1 1 1 1 0 0 0 0 0 0 0 0 0 0 0 0 1 1 1 1 1 1 0 0 0 0 0 0 0 0 0 0 0 0 1 1 1 1 1 1 0 0 0 0 0 0 0 0 0 0 0 0 1 1 1 1 1 1 0 0 0 0 0 0 0 0 0 0 0 0 1 1 1 1 1 1 0 0 0 0 0 0 0 0 0 0 0 0 1 1 1 1 1 1 0 0 0 0 0 0 0 0 0 0 0 0 1 1 1 1 1 1 0 0 0 0 0 0 0 0 0 0 0 0 1 1 1 1 1 1 0 0 0 0 0 0 0 0 0 0 0 0 1 1 1 1 1 1 0 0 0 0 0 0 0 0 0 0 0 0 1 1 1 1 1 1 0 0 0 0 0 0 0 0 0 0 0 0 1 1 1 1 1 1 0 0 0 0 0 0 0 0 0 0 0 0 1 1 1 1 1 1 0 0 0 0 0 0 0 0 0 0 0 0 1 1 1 1 1 1 0 0 0 0 0 0 0 0 0 0 0 0 1 1 1 1 1 1 0 0 0 0 0 0 0 0 0 0 0 0 1 1 1 1 1 1 0 0 0 0 0 0 0 0 0 0 0 0 1 1 1 1 1 1 0 0 0 0 0 0 0 0 0 0 0 0 1 1 1 1 1 1 0 0 0 0 0 0 0 0 0 0 0 0 1 1 1 1 1 1 0 0 0 0 0 0 0 0 0 0 0 0 1 1 1 1 1 1 0 0 0 0 0 0 0 0 0 0 0 0 1 1 1 1 1 1 0 0 0 0 0 0 0 0 0 0 0 0 1 1 1 1 1 1 0 0 0 0 0 0 0 0 0 0 0 0 1 1 1 1 1 1 0 0 0 0 0 0 0 0 0 0 0 0 1 1 1 1 1 1 0 0 0 0 0 0 0 0 0 0 0 0 1 1 1 1 1 1 0 0 0 0 0 0 0 0 0 0 0 0 1 1 1 1 1 1 0 0 0 0 0 0 0 0 0 0 0 0 1 1 1 1 1 1 0 0 0 0 0 0 0 0 0 0 0 0 1 1 1 1 1 1 0 0 0 0 0 0 0 0 0 0 0 0 1 1 1 1 1 1 0 0 0 0 0 0 0 0 0 0 0 0 1 1 1 1 1 1 0 0 0 0 0 0 0 0 0 0 0 0 1 1 1 1 1 1 0 0 0 0 0 0 0 0 0 0 0 0 1 1 1 1 1 1 0 0 0 0 0 0 0 0 0 0 0 0 1 1 1 1 1 1 0 0 0 0 0 0 0 0 0 0 0 0 1 1 1 1 1 1 0 0 0 0 0 0 0 0 0 0 0 0 1 1 1 1 1 1 0 0 0 0 0 0 0 0 0 0 0 0 1 1 1 1 1 1 0 0 0 0 0 0 0 0 0 0 0 0 1 1 1 1 1 1 0 0 0 0 0 0 0 0 0 0 0 0 1 1 1 1 1 1 0 0 0 0 0 0 0 0 0 0 0 0 1 1 1 1 1 1 0 0 0 0 0 0 0 0 0 0 0 0 1 1 1 1 1 1 0 0 0 0 0 0 0 0 0 0 0 0 1 1 1 1 1 1 0 0 0 0 0 0 0 0 0 0 0 0 1 1 1 1 1 1 0 0 0 0 0 0 0 0 0 0 0 0 1 1 1 1 1 1 0 0 0 0 0 0 0 0 0 0 0 0
1140
0 0 0 0 0 0 0 0 0 0 0 0 1 3453725 1643037 3457 1159401 1683084 0 0 0 0 0 0 0 0 0 0 0 0 1 3453725 1643037 3457 1159401 1683084 0 0 0 0 0 0 0 0 0 0 0 0 1 3453725 1643037 3457 1159401 1683084 0 0 0 0 0 0 0 0 0 0 0 0 1 3453725 1643037 3457 1159401 1683084 0 0 0 0 0 0 0 0 0 0 0 0 1 3453725 1643037 3457 1159401 1683084 0 0 0 0 0 0 0 0 0 0 0 0 1 3453725 1643037 3457 1159401 1683084 0 0 0 0 0 0 0 0 0 0 0 0 1 3453725 1643037 3457 1159401 1683084 0 0 0 0 0 0 0 0 0 0 0 0 1 3453725 1643037 3457 1159401 1683084 0 0 0 0 0 0 0 0 0 0 0 0 1 3453725 1643037 3457 1159401 1683084 0 0 0 0 0 0 0 0 0 0 0 0 1 3453725 1643037 3457 1159401 1683084 0 0 0 0 0 0 0 0 0 0 0 0 1 3453725 1643037 3457 1159401 1683084 0 0 0 0 0 0 0 0 0 0 0 0 1 3453725 1643037 3457 1159401 1683084 0 0 0 0 0 0 0 0 0 0 0 0 1 3453725 1643037 3457 1159401 1683084 0 0 0 0 0 0 0 0 0 0 0 0 1 3453725 1643037 3457 1159401 1683084 0 0 0 0 0 0 0 0 0 0 0 0 1 3453725 1643037 3457 1159401 1683084 0 0 0 0 0 0 0 0 0 0 0 0 1 3453725 1643037 3457 1159401 1683084 0 0 0 0 0 0 0 0 0 0 0 0 1 3453725 1643037 3457 1159401 1683084 0 0 0 0 0 0 0 0 0 0 0 0 1 3453725 1643037 3457 1159401 1683084 0 0 0 0 0 0 0 0 0 0 0 0 1 3453725 1643037 3457 1159401 1683084 0 0 0 0 0 0 0 0 0 0 0 0 1 3453725 1643037 3457 1159401 1683084 0 0 0 0 0 0 0 0 0 0 0 0 1 3453725 1643037 3457 1159401 1683084 0 0 0 0 0 0 0 0 0 0 0 0 1 3453725 1643037 3457 1159401 1683084 0 0 0 0 0 0 0 0 0 0 0 0 1 3453725 1643037 3457 1159401 1683084 0 0 0 0 0 0 0 0 0 0 0 0 1 3453725 1643037 3457 1159401 1683084 0 0 0 0 0 0 0 0 0 0 0 0 1 3453725 1643037 3457 1159401 1683084 0 0 0 0 0 0 0 0 0 0 0 0 1 3453725 1643037 3457 1159401 1683084 0 0 0 0 0 0 0 0 0 0 0 0 1 3453725 1643037 3457 1159401 1683084 0 0 0 0 0 0 0 0 0 0 0 0 1 3453725 1643037 3457 1159401 1683084 0 0 0 0 0 0 0 0 0 0 0 0 1 3453725 1643037 3457 1159401 1683084 0 0 0 0 0 0 0 0 0 0 0 0 1 3453725 1643037 3457 1159401 1683084 0 0 0 0 0 0 0 0 0 0 0 0 1 3453725 1643037 3457 1159401 1683084 0 0 0 0 0 0 0 0 0 0 0 0 1 3453725 1643037 3457 1159401 1683084 0 0 0 0 0 0 0 0 0 0 0 0 1 3453725 1643037 3457 1159401 1683084 0 0 0 0 0 0 0 0 0 0 0 0 1 3453725 1643037 3457 1159401 1683084 0 0 0 0 0 0 0 0 0 0 0 0 1 3453725 1643037 3457 1159401 1683084 0 0 0 0 0 0 0 0 0 0 0 0 1 3453725 1643037 3457 1159401 1683084 0 0 0 0 0 0 0 0 0 0 0 0 1 3453725 1643037 3457 1159401 1683084 0 0 0 0 0 0 0 0 0 0 0 0 1 3453725 1643037 3457 1159401 1683084 0 0 0 0 0 0 0 0 0 0 0 0 1 3453725 1643037 3457 1159401 1683084 0 0 0 0 0 0 0 0 0 0 0 0 1 3453725 1643037 3457 1159401 1683084 0 0 0 0 0 0 0 0 0 0 0 0 1 3453725 1643037 3457 1159401 1683084 0 0 0 0 0 0 0 0 0 0 0 0 1 3453725 1643037 3457 1159401 1683084 0 0 0 0 0 0 0 0 0 0 0 0 1 3453725 1643037 3457 1159401 1683084 0 0 0 0 0 0 0 0 0 0 0 0 1 3453725 1643037 3457 1159401 1683084 0 0 0 0 0 0 0 0 0 0 0 0 1 3453725 1643037 3457 1159401 1683084 0 0 0 0 0 0 0 0 0 0 0 0 1 3453725 1643037 3457 1159401 1683084 0 0 0 0 0 0 0 0 0 0 0 0 1 3453725 1643037 3457 1159401 1683084 0 0 0 0 0 0 0 0 0 0 0 0 1 3453725 1643037 3457 1159401 1683084 0 0 0 0 0 0 0 0 0 0 0 0 1 3453725 1643037 3457 1159401 1683084 0 0 0 0 0 0 0 0 0 0 0 0 1 3453725 1643037 3457 1159401 1683084 0 0 0 0 0 0 0 0 0 0 0 0 1 3453725 1643037 3457 1159401 1683084 0 0 0 0 0 0 0 0 0 0 0 0 1 3453725 1643037 3457 1159401 1683084 0 0 0 0 0 0 0 0 0 0 0 0 1 3453725 1643037 3457 1159401 1683084 0 0 0 0 0 0 0 0 0 0 0 0 1 3453725 1643037 3457 1159401 1683084 0 0 0 0 0 0 0 0 0 0 0 0 1 3453725 1643037 3457 1159401 1683084 0 0 0 0 0 0 0 0 0 0 0 0 1 3453725 1643037 3457 1159401 1683084 0 0 0 0 0 0 0 0 0 0 0 0 1 3453725 1643037 3457 1159401 1683084 0 0 0 0 0 0 0 0 0 0 0 0 1 3453725 1643037 3457 1159401 1683084 0 0 0 0 0 0 0 0 0 0 0 0 1 3453725 1643037 3457 1159401 1683084 0 0 0 0 0 0 0 0 0 0 0 0 1 3453725 1643037 3457 1159401 1683084 0 0 0 0 0 0 0 0 0 0 0 0 1 3453725 1643037 3457 1159401 1683084 0 0 0 0 0 0 0 0 0 0 0 0 1 3453725 1643037 3457 1159401 1683084 0 0 0 0 0 0 0 0 0 0 0 0 1 3453725 1643037 3457 1159401 1683084 0 0 0 0 0 0 0 0 0 0 0 0 1 3453725 1643037 3457 1159401 1683084
1146
0 0 0 0 0 0 1 2301685 3453725 3458 1643037 628357 3981311 3356412 658648 1 3453725 1643037 0 0 0 0 0 0 1 2301685 3453725 3458 1643037 628357 3981311 3356412 658648 1 3453725 1643037 0 0 0 0 0 0 1 2301685 3453725 3458 1643037 628357 3981311 3356412 658648 1 3453725 1643037 0 0 0 0 0 0 1 2301685 3453725 3458 1643037 628357 3981311 3356412 658648 1 3453725 1643037 0 0 0 0 0 0 1 2301685 3453725 3458 1643037 628357 3981311 3356412 658648 1 3453725 1643037 0 0 0 0 0 0 1 2301685 3453725 3458 1643037 628357 3981311 3356412 658648 1 3453725 1643037 0 0 0 0 0 0 1 2301685 3453725 3458 1643037 628357 3981311 3356412 658648 1 3453725 1643037 0 0 0 0 0 0 1 2301685 3453725 3458 1643037 628357 3981311 3356412 658648 1 3453725 1643037 0 0 0 0 0 0 1 2301685 3453725 3458 1643037 628357 3981311 3356412 658648 1 3453725 1643037 0 0 0 0 0 0 1 2301685 3453725 3458 1643037 628357 3981311 3356412 658648 1 3453725 1643037 0 0 0 0 0 0 1 2301685 3453725 3458 1643037 628357 3981311 3356412 658648 1 3453725 1643037 0 0 0 0 0 0 1 2301685 3453725 3458 1643037 628357 3981311 3356412 658648 1 3453725 1643037 0 0 0 0 0 0 1 2301685 3453725 3458 1643037 628357 3981311 3356412 658648 1 3453725 1643037 0 0 0 0 0 0 1 2301685 3453725 3458 1643037 628357 3981311 3356412 658648 1 3453725 1643037 0 0 0 0 0 0 1 2301685 3453725 3458 1643037 628357 3981311 3356412 658648 1 3453725 1643037 0 0 0 0 0 0 1 2301685 3453725 3458 1643037 628357 3981311 3356412 658648 1 3453725 1643037 0 0 0 0 0 0 1 2301685 3453725 3458 1643037 628357 3981311 3356412 658648 1 3453725 1643037 0 0 0 0 0 0 1 2301685 3453725 3458 1643037 628357 3981311 3356412 658648 1 3453725 1643037 0 0 0 0 0 0 1 2301685 3453725 3458 1643037 628357 3981311 3356412 658648 1 3453725 1643037 0 0 0 0 0 0 1 2301685 3453725 3458 1643037 628357 3981311 3356412 658648 1 3453725 1643037 0 0 0 0 0 0 1 2301685 3453725 3458 1643037 628357 3981311 3356412 658648 1 3453725 1643037 0 0 0 0 0 0 1 2301685 3453725 3458 1643037 628357 3981311 3356412 658648 1 3453725 1643037 0 0 0 0 0 0 1 2301685 3453725 3458 1643037 628357 3981311 3356412 658648 1 3453725 1643037 0 0 0 0 0 0 1 2301685 3453725 3458 1643037 628357 3981311 3356412 658648 1 3453725 1643037 0 0 0 0 0 0 1 2301685 3453725 3458 1643037 628357 3981311 3356412 658648 1 3453725 1643037 0 0 0 0 0 0 1 2301685 3453725 3458 1643037 628357 3981311 3356412 658648 1 3453725 1643037 0 0 0 0 0 0 1 2301685 3453725 3458 1643037 628357 3981311 3356412 658648 1 3453725 1643037 0 0 0 0 0 0 1 2301685 3453725 3458 1643037 628357 3981311 3356412 658648 1 3453725 1643037 0 0 0 0 0 0 1 2301685 3453725 3458 1643037 628357 3981311 3356412 658648 1 3453725 1643037 0 0 0 0 0 0 1 2301685 3453725 3458 1643037 628357 3981311 3356412 658648 1 3453725 1643037 0 0 0 0 0 0 1 2301685 3453725 3458 1643037 628357 3981311 3356412 658648 1 3453725 1643037 0 0 0 0 0 0 1 2301685 3453725 3458 1643037 628357 3981311 3356412 658648 1 3453725 1643037 0 0 0 0 0 0 1 2301685 3453725 3458 1643037 628357 3981311 3356412 658648 1 3453725 1643037 0 0 0 0 0 0 1 2301685 3453725 3458 1643037 628357 3981311 3356412 658648 1 3453725 1643037 0 0 0 0 0 0 1 2301685 3453725 3458 1643037 628357 3981311 3356412 658648 1 3453725 1643037 0 0 0 0 0 0 1 2301685 3453725 3458 1643037 628357 3981311 3356412 658648 1 3453725 1643037 0 0 0 0 0 0 1 2301685 3453725 3458 1643037 628357 3981311 3356412 658648 1 3453725 1643037 0 0 0 0 0 0 1 2301685 3453725 3458 1643037 628357 3981311 3356412 658648 1 3453725 1643037 0 0 0 0 0 0 1 2301685 3453725 3458 1643037 628357 3981311 3356412 658648 1 3453725 1643037 0 0 0 0 0 0 1 2301685 3453725 3458 1643037 628357 3981311 3356412 658648 1 3453725 1643037 0 0 0 0 0 0 1 2301685 3453725 3458 1643037 628357 3981311 3356412 658648 1 3453725 1643037 0 0 0 0 0 0 1 2301685 3453725 3458 1643037 628357 3981311 3356412 658648 1 3453725 1643037 0 0 0 0 0 0 1 2301685 3453725 3458 1643037 628357 3981311 3356412 658648 1 3453725 1643037 0 0 0 0 0 0 1 2301685 3453725 3458 1643037 628357 3981311 3356412 658648 1 3453725 1643037 0 0 0 0 0 0 1 2301685 3453725 3458 1643037 628357 3981311 3356412 658648 1 3453725 1643037 0 0 0 0 0 0 1 2301685 3453725 3458 1643037 628357 3981311 3356412 658648 1 3453725 1643037 0 0 0 0 0 0 1 2301685 3453725 3458 1643037 628357 3981311 3356412 658648 1 3453725 1643037 0 0 0 0 0 0 1 2301685 3453725 3458 1643037 628357 3981311 3356412 658648 1 3453725 1643037 0 0 0 0 0 0 1 2301685 3453725 3458 1643037 628357 3981311 3356412 658648 1 3453725 1643037 0 0 0 0 0 0 1 2301685 3453725 3458 1643037 628357 3981311 3356412 658648 1 3453725 1643037 0 0 0 0 0 0 1 2301685 3453725 3458 1643037 628357 3981311 3356412 658648 1 3453725 1643037 0 0 0 0 0 0 1 2301685 3453725 3458 1643037 628357 3981311 3356412 658648 1 3453725 1643037 0 0 0 0 0 0 1 2301685 3453725 3458 1643037 628357 3981311 3356412 658648 1 3453725 1643037 0 0 0 0 0 0 1 2301685 3453725 3458 1643037 628357 3981311 3356412 658648 1 3453725 1643037 0 0 0 0 0 0 1 2301685 3453725 3458 1643037 628357 3981311 3356412 658648 1 3453725 1643037 0 0 0 0 0 0 1 2301685 3453725 3458 1643037 628357 3981311 3356412 658648 1 3453725 1643037 0 0 0 0 0 0 1 2301685 3453725 3458 1643037 628357 3981311 3356412 658648 1 3453725 1643037 0 0 0 0 0 0 1 2301685 3453725 3458 1643037 628357 3981311 3356412 658648 1 3453725 1643037 0 0 0 0 0 0 1 2301685 3453725 3458 1643037 628357 3981311 3356412 658648 1 3453725 1643037 0 0 0 0 0 0 1 2301685 3453725 3458 1643037 628357 3981311 3356412 658648 1 3453725 1643037 0 0 0 0 0 0 1 2301685 3453725 3458 1643037 628357 3981311 3356412 658648 1 3453725 1643037 0 0 0 0 0 0 1 2301685 3453725 3458 1643037 628357 3981311 3356412 658648 1 3453725 1643037 0 0 0 0 0 0 1 2301685 3453725 3458 1643037 628357 3981311 3356412 658648 1 3453725 1643037 0 0 0 0 0 0 1 2301685 3453725 3458 1643037 628357 3981311 3356412 658648 1 3453725 1643037
5
0
1 1 3457 3984768 3457 3981311 1 1 3457 3984768 3457 3981311 1 1 3457 3984768 3457 3981311 1 1 3457 3984768 3457 3981311 1 1 3457 3984768 3457 3981311 1 1 3457 3984768 3457 3981311 1 1 3457 3984768 3457 3981311 1 1 3457 3984768 3457 3981311 1 1 3457 3984768 3457 3981311 1 1 3457 3984768 3457 3981311 1 1 3457 3984768 3457 3981311 1 1 3457 3984768 3457 3981311 1 1 3457 3984768 3457 3981311 1 1 3457 3984768 3457 3981311 1 1 3457 3984768 3457 3981311 1 1 3457 3984768 3457 3981311 1 1 3457 3984768 3457 3981311 1 1 3457 3984768 3457 3981311 1 1 3457 3984768 3457 3981311 1 1 3457 3984768 3457 3981311 1 1 3457 3984768 3457 3981311 1 1 3457 3984768 3457 3981311 1 1 3457 3984768 3457 3981311 1 1 3457 3984768 3457 3981311 1 1 3457 3984768 3457 3981311 1 1 3457 3984768 3457 3981311 1 1 3457 3984768 3457 3981311 1 1 3457 3984768 3457 3981311 1 1 3457 3984768 3457 3981311 1 1 3457 3984768 3457 3981311 1 1 3457 3984768 3457 3981311 1 1 3457 3984768 3457 3981311 1 1 3457 3984768 3457 3981311 1 1 3457 3984768 3457 3981311 1 1 3457 3984768 3457 3981311 1 1 3457 3984768 3457 3981311 1 1 3457 3984768 3457 3981311 1 1 3457 3984768 3457 3981311 1 1 3457 3984768 3457 3981311 1 1 3457 3984768 3457 3981311 1 1 3457 3984768 3457 3981311 1 1 3457 3984768 3457 3981311 1 1 3457 3984768 3457 3981311 1 1 3457 3984768 3457 3981311 1 1 3457 3984768 3457 3981311 1 1 3457 3984768 3457 3981311 1 1 3457 3984768 3457 3981311 1 1 3457 3984768 3457 3981311 1 1 3457 3984768 3457 3981311 1 1 3457 3984768 3457 3981311 1 1 3457 3984768 3457 3981311 1 1 3457 3984768 3457 3981311 1 1 3457 3984768 3457 3981311 1 1 3457 3984768 3457 3981311 1 1 3457 3984768 3457 3981311 1 1 3457 3984768 3457 3981311 1 1 3457 3984768 3457 3981311 1 1 3457 3984768 3457 3981311 1 1 3457 3984768 3457 3981311 1 1 3457 3984768 3457 3981311 1 1 3457 3984768 3457 3981311 1 1 3457 3984768 3457 3981311 1 1 3457 3984768 3457 3981311 1 1 3457 3984768 3457 3981311 1 1 3457 3984768 3457 3981311 1 1 3457 3984768 3457 3981311 1 1 3457 3984768 3457 3981311 1 1 3457 3984768 3457 3981311 1 1 3457 3984768 3457 3981311 1 1 3457 3984768 3457 3981311 1 1 3457 3984768 3457 3981311 1 1 3457 3984768 3457 3981311 1 1 3457 3984768 3457 3981311 1 1 3457 3984768 3457 3981311 1 1 3457 3984768 3457 3981311 1 1 3457 3984768 3457 3981311 1 1 3457 3984768 3457 3981311 1 1 3457 3984768 3457 3981311 1 1 3457 3984768 3457 3981311 1 1 3457 3984768 3457 3981311 1 1 3457 3984768 3457 3981311 1 1 3457 3984768 3457 3981311 1 1 3457 3984768 3457 3981311 1 1 3457 3984768 3457 3981311 1 1 3457 3984768 3457 3981311 1 1 3457 3984768 3457 3981311 1 1 3457 3984768 3457 3981311 1 1 3457 3984768 3457 3981311 1 1 3457 3984768 3457 3981311 1 1 3457 3984768 3457 3981311 1 1 3457 3984768 3457 3981311 1 1 3457 3984768 3457 3981311 1 1 3457 3984768 3457 3981311 1 1 3457 3984768 3457 3981311 1 1 3457 3984768 3457 3981311 1 1 3457 3984768 3457 3981311 1 1 3457 3984768 3457 3981311 1 1 3457 3984768 3457 3981311 1 1 3457 3984768 3457 3981311 1 1 3457 3984768 3457 3981311 1 1 3457 3984768 3457 3981311 1 1 3457 3984768 3457 3981311 1 1 3457 3984768 3457 3981311 1 1 3457 3984768 3457 3981311 1 1 3457 3984768 3457 3981311 1 1 3457 3984768 3457 3981311 1 1 3457 3984768 3457 3981311 1 1 3457 3984768 3457 3981311 1 1 3457 3984768 3457 3981311 1 1 3457 3984768 3457 3981311 1 1 3457 3984768 3457 3981311 1 1 3457 3984768 3457 3981311 1 1 3457 3984768 3457 3981311 1 1 3457 3984768 3457 3981311 1 1 3457 3984768 3457 3981311 1 1 3457 3984768 3457 3981311 1 1 3457 3984768 3457 3981311 1 1 3457 3984768 3457 3981311 1 1 3457 3984768 3457 3981311 1 1 3457 3984768 3457 3981311 1 1 3457 3984768 3457 3981311 1 1 3457 3984768 3457 3981311 1 1 3457 3984768 3457 3981311 1 1 3457 3984768 3457 3981311 1 1 3457 3984768 3457 3981311 1 1 3457 3984768 3457 3981311 1 1 3457 3984768 3457 3981311 1 1 3457 3984768 3457 3981311 1 1 3457 3984768 3457 3981311 1 1 3457 3984768 3457 3981311 1 1 3457 3984768 3457 3981311 1 1 3457 3984768 3457 3981311 1 1 3457 3984768 3457 3981311 1 1 3457 3984768 3457 3981311 1 1 3457 3984768 3457 3981311 1 1 3457 3984768 3457 3981311 1 1 3457 3984768 3457 3981311 1 1 3457 3984768 3457 3981311 1 1 3457 3984768 3457 3981311 1 1 3457 3984768 3457 3981311 1 1 3457 3984768 3457 3981311 1 1 3457 3984768 3457 3981311 1 1 3457 3984768 3457 3981311 1 1 3457 3984768 3457 3981311 1 1 3457 3984768 3457 3981311 1 1 3457 3984768 3457 3981311 1 1 3457 3984768 3457 3981311 1 1 3457 3984768 3457 3981311 1 1 3457 3984768 3457 3981311 1 1 3457 3984768 3457 3981311 1 1 3457 3984768 3457 3981311 1 1 3457 3984768 3457 3981311 1 1 3457 3984768 3457 3981311 1 1 3457 3984768 3457 3981311 1 1 3457 3984768 3457 3981311 1 1 3457 3984768 3457 3981311 1 1 3457 3984768 3457 3981311 1 1 3457 3984768 3457 3981311 1 1 3457 3984768 3457 3981311 1 1 3457 3984768 3457 3981311 1 1 3457 3984768 3457 3981311 1 1 3457 3984768 3457 3981311 1 1 3457 3984768 3457 3981311 1 1 3457 3984768 3457 3981311 1 1 3457 3984768 3457 3981311 1 1 3457 3984768 3457 3981311 1 1 3457 3984768 3457 3981311 1 1 3457 3984768 3457 3981311 1 1 3457 3984768 3457 3981311 1 1 3457 3984768 3457 3981311 1 1 3457 3984768 3457 3981311 1 1 3457 3984768 3457 3981311 1 1 3457 3984768 3457 3981311 1 1 3457 3984768 3457 3981311 1 1 3457 3984768 3457 3981311 1 1 3457 3984768 3457 3981311 1 1 3457 3984768 3457 3981311 1 1 3457 3984768 3457 3981311 1 1 3457 3984768 3457 3981311 1 1 3457 3984768 3457 3981311 1 1 3457 3984768 3457 3981311 1 1 3457 3984768 3457 3981311 1 1 3457 3984768 3457 3981311 1 1 3457 3984768 3457 3981311 1 1 3457 3984768 3457 3981311 1 1 3457 3984768 3457 3981311 1 1 3457 3984768 3457 3981311 1 1 3457 3984768 3457 3981311 1 1 3457 3984768 3457 3981311 1 1 3457 3984768 3457 3981311 1 1 3457 3984768 3457 3981311 1 1 3457 3984768 3457 3981311
2
1 1 3981311 3981312 0 0 1 1 3981311 3981312 0 0 1 1 3981311 3981312 0 0 1 1 3981311 3981312 0 0 1 1 3981311 3981312 0 0 1 1 3981311 3981312 0 0 1 1 3981311 3981312 0 0 1 1 3981311 3981312 0 0 1 1 3981311 3981312 0 0 1 1 3981311 3981312 0 0 1 1 3981311 3981312 0 0 1 1 3981311 3981312 0 0 1 1 3981311 3981312 0 0 1 1 3981311 3981312 0 0 1 1 3981311 3981312 0 0 1 1 3981311 3981312 0 0 1 1 3981311 3981312 0 0 1 1 3981311 3981312 0 0 1 1 3981311 3981312 0 0 1 1 3981311 3981312 0 0 1 1 3981311 3981312 0 0 1 1 3981311 3981312 0 0 1 1 3981311 3981312 0 0 1 1 3981311 3981312 0 0 1 1 3981311 3981312 0 0 1 1 3981311 3981312 0 0 1 1 3981311 3981312 0 0 1 1 3981311 3981312 0 0 1 1 3981311 3981312 0 0 1 1 3981311 3981312 0 0 1 1 3981311 3981312 0 0 1 1 3981311 3981312 0 0 1 1 3981311 3981312 0 0 1 1 3981311 3981312 0 0 1 1 3981311 3981312 0 0 1 1 3981311 3981312 0 0 1 1 3981311 3981312 0 0 1 1 3981311 3981312 0 0 1 1 3981311 3981312 0 0 1 1 3981311 3981312 0 0 1 1 3981311 3981312 0 0 1 1 3981311 3981312 0 0 1 1 3981311 3981312 0 0 1 1 3981311 3981312 0 0 1 1 3981311 3981312 0 0 1 1 3981311 3981312 0 0 1 1 3981311 3981312 0 0 1 1 3981311 3981312 0 0 1 1 3981311 3981312 0 0 1 1 3981311 3981312 0 0 1 1 3981311 3981312 0 0 1 1 3981311 3981312 0 0 1 1 3981311 3981312 0 0 1 1 3981311 3981312 0 0 1 1 3981311 3981312 0 0 1 1 3981311 3981312 0 0 1 1 3981311 3981312 0 0 1 1 3981311 3981312 0 0 1 1 3981311 3981312 0 0 1 1 3981311 3981312 0 0 1 1 3981311 3981312 0 0 1 1 3981311 3981312 0 0 1 1 3981311 3981312 0 0 1 1 3981311 3981312 0 0 1 1 3981311 3981312 0 0 1 1 3981311 3981312 0 0 1 1 3981311 3981312 0 0 1 1 3981311 3981312 0 0 1 1 3981311 3981312 0 0 1 1 3981311 3981312 0 0 1 1 3981311 3981312 0 0 1 1 3981311 3981312 0 0 1 1 3981311 3981312 0 0 1 1 3981311 3981312 0 0 1 1 3981311 3981312 0 0 1 1 3981311 3981312 0 0 1 1 3981311 3981312 0 0 1 1 3981311 3981312 0 0 1 1 3981311 3981312 0 0 1 1 3981311 3981312 0 0 1 1 3981311 3981312 0 0 1 1 3981311 3981312 0 0 1 1 3981311 3981312 0 0 1 1 3981311 3981312 0 0 1 1 3981311 3981312 0 0 1 1 3981311 3981312 0 0 1 1 3981311 3981312 0 0 1 1 3981311 3981312 0 0 1 1 3981311 3981312 0 0 1 1 3981311 3981312 0 0 1 1 3981311 3981312 0 0 1 1 3981311 3981312 0 0 1 1 3981311 3981312 0 0 1 1 3981311 3981312 0 0 1 1 3981311 3981312 0 0 1 1 3981311 3981312 0 0 1 1 3981311 3981312 0 0 1 1 3981311 3981312 0 0 1 1 3981311 3981312 0 0 1 1 3981311 3981312 0 0 1 1 3981311 3981312 0 0 1 1 3981311 3981312 0 0 1 1 3981311 3981312 0 0 1 1 3981311 3981312 0 0 1 1 3981311 3981312 0 0 1 1 3981311 3981312 0 0 1 1 3981311 3981312 0 0 1 1 3981311 3981312 0 0 1 1 3981311 3981312 0 0 1 1 3981311 3981312 0 0 1 1 3981311 3981312 0 0 1 1 3981311 3981312 0 0 1 1 3981311 3981312 0 0 1 1 3981311 3981312 0 0 1 1 3981311 3981312 0 0 1 1 3981311 3981312 0 0 1 1 3981311 3981312 0 0 1 1 3981311 3981312 0 0 1 1 3981311 3981312 0 0 1 1 3981311 3981312 0 0 1 1 3981311 3981312 0 0 1 1 3981311 3981312 0 0 1 1 3981311 3981312 0 0 1 1 3981311 3981312 0 0 1 1 3981311 3981312 0 0 1 1 3981311 3981312 0 0 1 1 3981311 3981312 0 0 1 1 3981311 3981312 0 0 1 1 3981311 3981312 0 0 1 1 3981311 3981312 0 0 1 1 3981311 3981312 0 0 1 1 3981311 3981312 0 0 1 1 3981311 3981312 0 0 1 1 3981311 3981312 0 0 1 1 3981311 3981312 0 0 1 1 3981311 3981312 0 0 1 1 3981311 3981312 0 0 1 1 3981311 3981312 0 0 1 1 3981311 3981312 0 0 1 1 3981311 3981312 0 0 1 1 3981311 3981312 0 0 1 1 3981311 3981312 0 0 1 1 3981311 3981312 0 0 1 1 3981311 3981312 0 0 1 1 3981311 3981312 0 0 1 1 3981311 3981312 0 0 1 1 3981311 3981312 0 0 1 1 3981311 3981312 0 0 1 1 3981311 3981312 0 0 1 1 3981311 3981312 0 0 1 1 3981311 3981312 0 0 1 1 3981311 3981312 0 0 1 1 3981311 3981312 0 0 1 1 3981311 3981312 0 0 1 1 3981311 3981312 0 0 1 1 3981311 3981312 0 0 1 1 3981311 3981312 0 0 1 1 3981311 3981312 0 0 1 1 3981311 3981312 0 0 1 1 3981311 3981312 0 0 1 1 3981311 3981312 0 0 1 1 3981311 3981312 0 0 1 1 3981311 3981312 0 0 1 1 3981311 3981312 0 0 1 1 3981311 3981312 0 0 1 1 3981311 3981312 0 0 1 1 3981311 3981312 0 0 1 1 3981311 3981312 0 0 1 1 3981311 3981312 0 0 1 1 3981311 3981312 0 0 1 1 3981311 3981312 0 0 1 1 3981311 3981312 0 0 1 1 3981311 3981312 0 0 1 1 3981311 3981312 0 0 1 1 3981311 3981312 0 0 1 1 3981311 3981312 0 0 1 1 3981311 3981312 0 0 1 1 3981311 3981312 0 0 1 1 3981311 3981312 0 0 1 1 3981311 3981312 0 0 1 1 3981311 3981312 0 0 1 1 3981311 3981312 0 0 1 1 3981311 3981312 0 0 1 1 3981311 3981312 0 0 1 1 3981311 3981312 0 0 1 1 3981311 3981312 0 0 1 1 3981311 3981312 0 0 1 1 3981311 3981312 0 0 1 1 3981311 3981312 0 0 1 1 3981311 3981312 0 0 1 1 3981311 3981312 0 0 1 1 3981311 3981312 0 0
4
1 1 0 0 0 0 1 1 0 0 0 0 1 1 0 0 0 0 1 1 0 0 0 0 1 1 0 0 0 0 1 1 0 0 0 0 1 1 0 0 0 0 1 1 0 0 0 0 1 1 0 0 0 0 1 1 0 0 0 0 1 1 0 0 0 0 1 1 0 0 0 0 1 1 0 0 0 0 1 1 0 0 0 0 1 1 0 0 0 0 1 1 0 0 0 0 1 1 0 0 0 0 1 1 0 0 0 0 1 1 0 0 0 0 1 1 0 0 0 0 1 1 0 0 0 0 1 1 0 0 0 0 1 1 0 0 0 0 1 1 0 0 0 0 1 1 0 0 0 0 1 1 0 0 0 0 1 1 0 0 0 0 1 1 0 0 0 0 1 1 0 0 0 0 1 1 0 0 0 0 1 1 0 0 0 0 1 1 0 0 0 0 1 1 0 0 0 0 1 1 0 0 0 0 1 1 0 0 0 0 1 1 0 0 0 0 1 1 0 0 0 0 1 1 0 0 0 0 1 1 0 0 0 0 1 1 0 0 0 0 1 1 0 0 0 0 1 1 0 0 0 0 1 1 0 0 0 0 1 1 0 0 0 0 1 1 0 0 0 0 1 1 0 0 0 0 1 1 0 0 0 0 1 1 0 0 0 0 1 1 0 0 0 0 1 1 0 0 0 0 1 1 0 0 0 0 1 1 0 0 0 0 1 1 0 0 0 0 1 1 0 0 0 0 1 1 0 0 0 0 1 1 0 0 0 0 1 1 0 0 0 0 1 1 0 0 0 0 1 1 0 0 0 0 1 1 0 0 0 0 1 1 0 0 0 0 1 1 0 0 0 0 1 1 0 0 0 0 1 1 0 0 0 0 1 1 0 0 0 0 1 1 0 0 0 0 1 1 0 0 0 0 1 1 0 0 0 0 1 1 0 0 0 0 1 1 0 0 0 0 1 1 0 0 0 0 1 1 0 0 0 0 1 1 0 0 0 0 1 1 0 0 0 0 1 1 0 0 0 0 1 1 0 0 0 0 1 1 0 0 0 0 1 1 0 0 0 0 1 1 0 0 0 0 1 1 0 0 0 0 1 1 0 0 0 0 1 1 0 0 0 0 1 1 0 0 0 0 1 1 0 0 0 0 1 1 0 0 0 0 1 1 0 0 0 0 1 1 0 0 0 0 1 1 0 0 0 0 1 1 0 0 0 0 1 1 0 0 0 0 1 1 0 0 0 0 1 1 0 0 0 0 1 1 0 0 0 0 1 1 0 0 0 0 1 1 0 0 0 0 1 1 0 0 0 0 1 1 0 0 0 0 1 1 0 0 0 0 1 1 0 0 0 0 1 1 0 0 0 0 1 1 0 0 0 0 1 1 0 0 0 0 1 1 0 0 0 0 1 1 0 0 0 0 1 1 0 0 0 0 1 1 0 0 0 0 1 1 0 0 0 0 1 1 0 0 0 0 1 1 0 0 0 0 1 1 0 0 0 0 1 1 0 0 0 0 1 1 0 0 0 0 1 1 0 0 0 0 1 1 0 0 0 0 1 1 0 0 0 0 1 1 0 0 0 0 1 1 0 0 0 0 1 1 0 0 0 0 1 1 0 0 0 0 1 1 0 0 0 0 1 1 0 0 0 0 1 1 0 0 0 0 1 1 0 0 0 0 1 1 0 0 0 0 1 1 0 0 0 0 1 1 0 0 0 0 1 1 0 0 0 0 1 1 0 0 0 0 1 1 0 0 0 0 1 1 0 0 0 0 1 1 0 0 0 0 1 1 0 0 0 0 1 1 0 0 0 0 1 1 0 0 0 0 1 1 0 0 0 0 1 1 0 0 0 0 1 1 0 0 0 0 1 1 0 0 0 0 1 1 0 0 0 0 1 1 0 0 0 0 1 1 0 0 0 0 1 1 0 0 0 0 1 1 0 0 0 0 1 1 0 0 0 0 1 1 0 0 0 0 1 1 0 0 0 0 1 1 0 0 0 0 1 1 0 0 0 0 1 1 0 0 0 0 1 1 0 0 0 0 1 1 0 0 0 0 1 1 0 0 0 0 1 1 0 0 0 0 1 1 0 0 0 0 1 1 0 0 0 0 1 1 0 0 0 0 1 1 0 0 0 0 1 1 0 0 0 0 1 1 0 0 0 0 1 1 0 0 0 0 1 1 0 0 0 0 1 1 0 0 0 0 1 1 0 0 0 0 1 1 0 0 0 0 1 1 0 0 0 0 1 1 0 0 0 0 1 1 0 0 0 0 1 1 0 0 0 0 1 1 0 0 0 0 1 1 0 0 0 0 1 1 0 0 0 0 1 1 0 0 0 0 1 1 0 0 0 0 1 1 0 0 0 0 1 1 0 0 0 0 1 1 0 0 0 0 1 1 0 0 0 0 1 1 0 0 0 0 1 1 0 0 0 0 1 1 0 0 0 0 1 1 0 0 0 0 1 1 0 0 0 0 1 1 0 0 0 0 1 1 0 0 0 0 1 1 0 0 0 0 1 1 0 0 0 0 1 1 0 0 0 0 1 1 0 0 0 0 1 1 0 0 0 0 1 1 0 0 0 0 1 1 0 0 0 0 1 1 0 0 0 0
1148
0 0 0 0 1 3457 0 0 0 0 1 3457 0 0 0 0 1 3457 0 0 0 0 1 3457 0 0 0 0 1 3457 0 0 0 0 1 3457 0 0 0 0 1 3457 0 0 0 0 1 3457 0 0 0 0 1 3457 0 0 0 0 1 3457 0 0 0 0 1 3457 0 0 0 0 1 3457 0 0 0 0 1 3457 0 0 0 0 1 3457 0 0 0 0 1 3457 0 0 0 0 1 3457 0 0 0 0 1 3457 0 0 0 0 1 3457 0 0 0 0 1 3457 0 0 0 0 1 3457 0 0 0 0 1 3457 0 0 0 0 1 3457 0 0 0 0 1 3457 0 0 0 0 1 3457 0 0 0 0 1 3457 0 0 0 0 1 3457 0 0 0 0 1 3457 0 0 0 0 1 3457 0 0 0 0 1 3457 0 0 0 0 1 3457 0 0 0 0 1 3457 0 0 0 0 1 3457 0 0 0 0 1 3457 0 0 0 0 1 3457 0 0 0 0 1 3457 0 0 0 0 1 3457 0 0 0 0 1 3457 0 0 0 0 1 3457 0 0 0 0 1 3457 0 0 0 0 1 3457 0 0 0 0 1 3457 0 0 0 0 1 3457 0 0 0 0 1 3457 0 0 0 0 1 3457 0 0 0 0 1 3457 0 0 0 0 1 3457 0 0 0 0 1 3457 0 0 0 0 1 3457 0 0 0 0 1 3457 0 0 0 0 1 3457 0 0 0 0 1 3457 0 0 0 0 1 3457 0 0 0 0 1 3457 0 0 0 0 1 3457 0 0 0 0 1 3457 0 0 0 0 1 3457 0 0 0 0 1 3457 0 0 0 0 1 3457 0 0 0 0 1 3457 0 0 0 0 1 3457 0 0 0 0 1 3457 0 0 0 0 1 3457 0 0 0 0 1 3457 0 0 0 0 1 3457 0 0 0 0 1 3457 0 0 0 0 1 3457 0 0 0 0 1 3457 0 0 0 0 1 3457 0 0 0 0 1 3457 0 0 0 0 1 3457 0 0 0 0 1 3457 0 0 0 0 1 3457 0 0 0 0 1 3457 0 0 0 0 1 3457 0 0 0 0 1 3457 0 0 0 0 1 3457 0 0 0 0 1 3457 0 0 0 0 1 3457 0 0 0 0 1 3457 0 0 0 0 1 3457 0 0 0 0 1 3457 0 0 0 0 1 3457 0 0 0 0 1 3457 0 0 0 0 1 3457 0 0 0 0 1 3457 0 0 0 0 1 3457 0 0 0 0 1 3457 0 0 0 0 1 3457 0 0 0 0 1 3457 0 0 0 0 1 3457 0 0 0 0 1 3457 0 0 0 0 1 3457 0 0 0 0 1 3457 0 0 0 0 1 3457 0 0 0 0 1 3457 0 0 0 0 1 3457 0 0 0 0 1 3457 0 0 0 0 1 3457 0 0 0 0 1 3457 0 0 0 0 1 3457 0 0 0 0 1 3457 0 0 0 0 1 3457 0 0 0 0 1 3457 0 0 0 0 1 3457 0 0 0 0 1 3457 0 0 0 0 1 3457 0 0 0 0 1 3457 0 0 0 0 1 3457 0 0 0 0 1 3457 0 0 0 0 1 3457 0 0 0 0 1 3457 0 0 0 0 1 3457 0 0 0 0 1 3457 0 0 0 0 1 3457 0 0 0 0 1 3457 0 0 0 0 1 3457 0 0 0 0 1 3457 0 0 0 0 1 3457 0 0 0 0 1 3457 0 0 0 0 1 3457 0 0 0 0 1 3457 0 0 0 0 1 3457 0 0 0 0 1 3457 0 0 0 0 1 3457 0 0 0 0 1 3457 0 0 0 0 1 3457 0 0 0 0 1 3457 0 0 0 0 1 3457 0 0 0 0 1 3457 0 0 0 0 1 3457 0 0 0 0 1 3457 0 0 0 0 1 3457 0 0 0 0 1 3457 0 0 0 0 1 3457 0 0 0 0 1 3457 0 0 0 0 1 3457 0 0 0 0 1 3457 0 0 0 0 1 3457 0 0 0 0 1 3457 0 0 0 0 1 3457 0 0 0 0 1 3457 0 0 0 0 1 3457 0 0 0 0 1 3457 0 0 0 0 1 3457 0 0 0 0 1 3457 0 0 0 0 1 3457 0 0 0 0 1 3457 0 0 0 0 1 3457 0 0 0 0 1 3457 0 0 0 0 1 3457 0 0 0 0 1 3457 0 0 0 0 1 3457 0 0 0 0 1 3457 0 0 0 0 1 3457 0 0 0 0 1 3457 0 0 0 0 1 3457 0 0 0 0 1 3457 0 0 0 0 1 3457 0 0 0 0 1 3457 0 0 0 0 1 3457 0 0 0 0 1 3457 0 0 0 0 1 3457 0 0 0 0 1 3457 0 0 0 0 1 3457 0 0 0 0 1 3457 0 0 0 0 1 3457 0 0 0 0 1 3457 0 0 0 0 1 3457 0 0 0 0 1 3457 0 0 0 0 1 3457 0 0 0 0 1 3457 0 0 0 0 1 3457 0 0 0 0 1 3457 0 0 0 0 1 3457 0 0 0 0 1 3457 0 0 0 0 1 3457 0 0 0 0 1 3457 0 0 0 0 1 3457 0 0 0 0 1 3457 0 0 0 0 1 3457 0 0 0 0 1 3457 0 0 0 0 1 3457 0 0 0 0 1 3457 0 0 0 0 1 3457 0 0 0 0 1 3457 0 0 0 0 1 3457 0 0 0 0 1 3457 0 0 0 0 1 3457 0 0 0 0 1 3457 0 0 0 0 1 3457 0 0 0 0 1 3457 0 0 0 0 1 3457
1150
0 0 1 3458 3981311 1 0 0 1 3458 3981311 1 0 0 1 3458 3981311 1 0 0 1 3458 3981311 1 0 0 1 3458 3981311 1 0 0 1 3458 3981311 1 0 0 1 3458 3981311 1 0 0 1 3458 3981311 1 0 0 1 3458 3981311 1 0 0 1 3458 3981311 1 0 0 1 3458 3981311 1 0 0 1 3458 3981311 1 0 0 1 3458 3981311 1 0 0 1 3458 3981311 1 0 0 1 3458 3981311 1 0 0 1 3458 3981311 1 0 0 1 3458 3981311 1 0 0 1 3458 3981311 1 0 0 1 3458 3981311 1 0 0 1 3458 3981311 1 0 0 1 3458 3981311 1 0 0 1 3458 3981311 1 0 0 1 3458 3981311 1 0 0 1 3458 3981311 1 0 0 1 3458 3981311 1 0 0 1 3458 3981311 1 0 0 1 3458 3981311 1 0 0 1 3458 3981311 1 0 0 1 3458 3981311 1 0 0 1 3458 3981311 1 0 0 1 3458 3981311 1 0 0 1 3458 3981311 1 0 0 1 3458 3981311 1 0 0 1 3458 3981311 1 0 0 1 3458 3981311 1 0 0 1 3458 3981311 1 0 0 1 3458 3981311 1 0 0 1 3458 3981311 1 0 0 1 3458 3981311 1 0 0 1 3458 3981311 1 0 0 1 3458 3981311 1 0 0 1 3458 3981311 1 0 0 1 3458 3981311 1 0 0 1 3458 3981311 1 0 0 1 3458 3981311 1 0 0 1 3458 3981311 1 0 0 1 3458 3981311 1 0 0 1 3458 3981311 1 0 0 1 3458 3981311 1 0 0 1 3458 3981311 1 0 0 1 3458 3981311 1 0 0 1 3458 3981311 1 0 0 1 3458 3981311 1 0 0 1 3458 3981311 1 0 0 1 3458 3981311 1 0 0 1 3458 3981311 1 0 0 1 3458 3981311 1 0 0 1 3458 3981311 1 0 0 1 3458 3981311 1 0 0 1 3458 3981311 1 0 0 1 3458 3981311 1 0 0 1 3458 3981311 1 0 0 1 3458 3981311 1 0 0 1 3458 3981311 1 0 0 1 3458 3981311 1 0 0 1 3458 3981311 1 0 0 1 3458 3981311 1 0 0 1 3458 3981311 1 0 0 1 3458 3981311 1 0 0 1 3458 3981311 1 0 0 1 3458 3981311 1 0 0 1 3458 3981311 1 0 0 1 3458 3981311 1 0 0 1 3458 3981311 1 0 0 1 3458 3981311 1 0 0 1 3458 3981311 1 0 0 1 3458 3981311 1 0 0 1 3458 3981311 1 0 0 1 3458 3981311 1 0 0 1 3458 3981311 1 0 0 1 3458 3981311 1 0 0 1 3458 3981311 1 0 0 1 3458 3981311 1 0 0 1 3458 3981311 1 0 0 1 3458 3981311 1 0 0 1 3458 3981311 1 0 0 1 3458 3981311 1 0 0 1 3458 3981311 1 0 0 1 3458 3981311 1 0 0 1 3458 3981311 1 0 0 1 3458 3981311 1 0 0 1 3458 3981311 1 0 0 1 3458 3981311 1 0 0 1 3458 3981311 1 0 0 1 3458 3981311 1 0 0 1 3458 3981311 1 0 0 1 3458 3981311 1 0 0 1 3458 3981311 1 0 0 1 3458 3981311 1 0 0 1 3458 3981311 1 0 0 1 3458 3981311 1 0 0 1 3458 3981311 1 0 0 1 3458 3981311 1 0 0 1 3458 3981311 1 0 0 1 3458 3981311 1 0 0 1 3458 3981311 1 0 0 1 3458 3981311 1 0 0 1 3458 3981311 1 0 0 1 3458 3981311 1 0 0 1 3458 3981311 1 0 0 1 3458 3981311 1 0 0 1 3458 3981311 1 0 0 1 3458 3981311 1 0 0 1 3458 3981311 1 0 0 1 3458 3981311 1 0 0 1 3458 3981311 1 0 0 1 3458 3981311 1 0 0 1 3458 3981311 1 0 0 1 3458 3981311 1 0 0 1 3458 3981311 1 0 0 1 3458 3981311 1 0 0 1 3458 3981311 1 0 0 1 3458 3981311 1 0 0 1 3458 3981311 1 0 0 1 3458 3981311 1 0 0 1 3458 3981311 1 0 0 1 3458 3981311 1 0 0 1 3458 3981311 1 0 0 1 3458 3981311 1 0 0 1 3458 3981311 1 0 0 1 3458 3981311 1 0 0 1 3458 3981311 1 0 0 1 3458 3981311 1 0 0 1 3458 3981311 1 0 0 1 3458 3981311 1 0 0 1 3458 3981311 1 0 0 1 3458 3981311 1 0 0 1 3458 3981311 1 0 0 1 3458 3981311 1 0 0 1 3458 3981311 1 0 0 1 3458 3981311 1 0 0 1 3458 3981311 1 0 0 1 3458 3981311 1 0 0 1 3458 3981311 1 0 0 1 3458 3981311 1 0 0 1 3458 3981311 1 0 0 1 3458 3981311 1 0 0 1 3458 3981311 1 0 0 1 3458 3981311 1 0 0 1 3458 3981311 1 0 0 1 3458 3981311 1 0 0 1 3458 3981311 1 0 0 1 3458 3981311 1 0 0 1 3458 3981311 1 0 0 1 3458 3981311 1 0 0 1 3458 3981311 1 0 0 1 3458 3981311 1 0 0 1 3458 3981311 1 0 0 1 3458 3981311 1 0 0 1 3458 3981311 1 0 0 1 3458 3981311 1 0 0 1 3458 3981311 1 0 0 1 3458 3981311 1 0 0 1 3458 3981311 1 0 0 1 3458 3981311 1 0 0 1 3458 3981311 1 0 0 1 3458 3981311 1 0 0 1 3458 3981311 1 0 0 1 3458 3981311 1 0 0 1 3458 3981311 1 0 0 1 3458 3981311 1 0 0 1 3458 3981311 1 0 0 1 3458 3981311 1 0 0 1 3458 3981311 1 0 0 1 3458 3981311 1 0 0 1 3458 3981311 1 0 0 1 3458 3981311 1 0 0 1 3458 3981311 1 0 0 1 3458 3981311 1 0 0 1 3458 3981311 1 0 0 1 3458 3981311 1 0 0 1 3458 3981311 1 0 0 1 3458 3981311 1 0 0 1 3458 3981311 1 0 0 1 3458 3981311 1 0 0 1 3458 3981311 1 0 0 1 3458 3981311 1 0 0 1 3458 3981311 1 0 0 1 3458 3981311 1 0 0 1 3458 3981311 1 0 0 1 3458 3981311 1 0 0 1 3458 3981311 1
3
0
1 3984768 1 3984768 1 3984768 1 3984768 1 3984768 1 3984768 1 3984768 1 3984768 1 3984768 1 3984768 1 3984768 1 3984768 1 3984768 1 3984768 1 3984768 1 3984768 1 3984768 1 3984768 1 3984768 1 3984768 1 3984768 1 3984768 1 3984768 1 3984768 1 3984768 1 3984768 1 3984768 1 3984768 1 3984768 1 3984768 1 3984768 1 3984768 1 3984768 1 3984768 1 3984768 1 3984768 1 3984768 1 3984768 1 3984768 1 3984768 1 3984768 1 3984768 1 3984768 1 3984768 1 3984768 1 3984768 1 3984768 1 3984768 1 3984768 1 3984768 1 3984768 1 3984768 1 3984768 1 3984768 1 3984768 1 3984768 1 3984768 1 3984768 1 3984768 1 3984768 1 3984768 1 3984768 1 3984768 1 3984768 1 3984768 1 3984768 1 3984768 1 3984768 1 3984768 1 3984768 1 3984768 1 3984768 1 3984768 1 3984768 1 3984768 1 3984768 1 3984768 1 3984768 1 3984768 1 3984768 1 3984768 1 3984768 1 3984768 1 3984768 1 3984768 1 3984768 1 3984768 1 3984768 1 3984768 1 3984768 1 3984768 1 3984768 1 3984768 1 3984768 1 3984768 1 3984768 1 3984768 1 3984768 1 3984768 1 3984768 1 3984768 1 3984768 1 3984768 1 3984768 1 3984768 1 3984768 1 3984768 1 3984768 1 3984768 1 3984768 1 3984768 1 3984768 1 3984768 1 3984768 1 3984768 1 3984768 1 3984768 1 3984768 1 3984768 1 3984768 1 3984768 1 3984768 1 3984768 1 3984768 1 3984768 1 3984768 1 3984768 1 3984768 1 3984768 1 3984768 1 3984768 1 3984768 1 3984768 1 3984768 1 3984768 1 3984768 1 3984768 1 3984768 1 3984768 1 3984768 1 3984768 1 3984768 1 3984768 1 3984768 1 3984768 1 3984768 1 3984768 1 3984768 1 3984768 1 3984768 1 3984768 1 3984768 1 3984768 1 3984768 1 3984768 1 3984768 1 3984768 1 3984768 1 3984768 1 3984768 1 3984768 1 3984768 1 3984768 1 3984768 1 3984768 1 3984768 1 3984768 1 3984768 1 3984768 1 3984768 1 3984768 1 3984768 1 3984768 1 3984768 1 3984768 1 3984768 1 3984768 1 3984768 1 3984768 1 3984768 1 3984768 1 3984768 1 3984768 1 3984768 1 3984768 1 3984768 1 3984768 1 3984768 1 3984768 1 3984768 1 3984768 1 3984768 1 3984768 1 3984768 1 3984768 1 3984768 1 3984768 1 3984768 1 3984768 1 3984768 1 3984768 1 3984768 1 3984768 1 3984768 1 3984768 1 3984768 1 3984768 1 3984768 1 3984768 1 3984768 1 3984768 1 3984768 1 3984768 1 3984768 1 3984768 1 3984768 1 3984768 1 3984768 1 3984768 1 3984768 1 3984768 1 3984768 1 3984768 1 3984768 1 3984768 1 3984768 1 3984768 1 3984768 1 3984768 1 3984768 1 3984768 1 3984768 1 3984768 1 3984768 1 3984768 1 3984768 1 3984768 1 3984768 1 3984768 1 3984768 1 3984768 1 3984768 1 3984768 1 3984768 1 3984768 1 3984768 1 3984768 1 3984768 1 3984768 1 3984768 1 3984768 1 3984768 1 3984768 1 3984768 1 3984768 1 3984768 1 3984768 1 3984768 1 3984768 1 3984768 1 3984768 1 3984768 1 3984768 1 3984768 1 3984768 1 3984768 1 3984768 1 3984768 1 3984768 1 3984768 1 3984768 1 3984768 1 3984768 1 3984768 1 3984768 1 3984768 1 3984768 1 3984768 1 3984768 1 3984768 1 3984768 1 3984768 1 3984768 1 3984768 1 3984768 1 3984768 1 3984768 1 3984768 1 3984768 1 3984768 1 3984768 1 3984768 1 3984768 1 3984768 1 3984768 1 3984768 1 3984768 1 3984768 1 3984768 1 3984768 1 3984768 1 3984768 1 3984768 1 3984768 1 3984768 1 3984768 1 3984768 1 3984768 1 3984768 1 3984768 1 3984768 1 3984768 1 3984768 1 3984768 1 3984768 1 3984768 1 3984768 1 3984768 1 3984768 1 3984768 1 3984768 1 3984768 1 3984768 1 3984768 1 3984768 1 3984768 1 3984768 1 3984768 1 3984768 1 3984768 1 3984768 1 3984768 1 3984768 1 3984768 1 3984768 1 3984768 1 3984768 1 3984768 1 3984768 1 3984768 1 3984768 1 3984768 1 3984768 1 3984768 1 3984768 1 3984768 1 3984768 1 3984768 1 3984768 1 3984768 1 3984768 1 3984768 1 3984768 1 3984768 1 3984768 1 3984768 1 3984768 1 3984768 1 3984768 1 3984768 1 3984768 1 3984768 1 3984768 1 3984768 1 3984768 1 3984768 1 3984768 1 3984768 1 3984768 1 3984768 1 3984768 1 3984768 1 3984768 1 3984768 1 3984768 1 3984768 1 3984768 1 3984768 1 3984768 1 3984768 1 3984768 1 3984768 1 3984768 1 3984768 1 3984768 1 3984768 1 3984768 1 3984768 1 3984768 1 3984768 1 3984768 1 3984768 1 3984768 1 3984768 1 3984768 1 3984768 1 3984768 1 3984768 1 3984768 1 3984768 1 3984768 1 3984768 1 3984768 1 3984768 1 3984768 1 3984768 1 3984768 1 3984768 1 3984768 1 3984768 1 3984768 1 3984768 1 3984768 1 3984768 1 3984768 1 3984768 1 3984768 1 3984768 1 3984768 1 3984768 1 3984768 1 3984768 1 3984768 1 3984768 1 3984768 1 3984768 1 3984768 1 3984768 1 3984768 1 3984768 1 3984768 1 3984768 1 3984768 1 3984768 1 3984768 1 3984768 1 3984768 1 3984768 1 3984768 1 3984768 1 3984768 1 3984768 1 3984768 1 3984768 1 3984768 1 3984768 1 3984768 1 3984768 1 3984768 1 3984768 1 3984768 1 3984768 1 3984768 1 3984768 1 3984768 1 3984768 1 3984768 1 3984768 1 3984768 1 3984768 1 3984768 1 3984768 1 3984768 1 3984768 1 3984768 1 3984768 1 3984768 1 3984768 1 3984768 1 3984768 1 3984768 1 3984768 1 3984768 1 3984768 1 3984768 1 3984768 1 3984768 1 3984768 1 3984768 1 3984768 1 3984768 1 3984768 1 3984768 1 3984768 1 3984768 1 3984768 1 3984768 1 3984768 1 3984768 1 3984768 1 3984768 1 3984768 1 3984768 1 3984768 1 3984768 1 3984768 1 3984768 1 3984768 1 3984768 1 3984768 1 3984768 1 3984768 1 3984768 1 3984768 1 3984768 1 3984768 1 3984768 1 3984768 1 3984768 1 3984768 1 3984768 1 3984768 1 3984768 1 3984768 1 3984768 1 3984768 1 3984768 1 3984768 1 3984768 1 3984768 1 3984768 1 3984768 1 3984768 1 3984768 1 3984768 1 3984768 1 3984768 1 3984768 1 3984768 1 3984768 1 3984768 1 3984768 1 3984768 1 3984768 1 3984768 1 3984768 1 3984768 1 3984768 1 3984768 1 3984768 1 3984768 1 3984768 1 3984768 1 3984768 1 3984768 1 3984768 1 3984768 1 3984768 1 3984768 1 3984768 1 3984768 1 3984768 1 3984768 1 3984768 1 3984768 1 3984768 1 3984768 1 3984768 1 3984768 1 3984768 1 3984768 1 3984768 1 3984768 1 3984768 1 3984768 1 3984768 1 3984768 1 3984768 1 3984768 1 3984768 1 3984768 1 3984768 1 3984768 1 3984768 1 3984768 1 3984768
1
1 0 1 0 1 0 1 0 1 0 1 0 1 0 1 0 1 0 1 0 1 0 1 0 1 0 1 0 1 0 1 0 1 0 1 0 1 0 1 0 1 0 1 0 1 0 1 0 1 0 1 0 1 0 1 0 1 0 1 0 1 0 1 0 1 0 1 0 1 0 1 0 1 0 1 0 1 0 1 0 1 0 1 0 1 0 1 0 1 0 1 0 1 0 1 0 1 0 1 0 1 0 1 0 1 0 1 0 1 0 1 0 1 0 1 0 1 0 1 0 1 0 1 0 1 0 1 0 1 0 1 0 1 0 1 0 1 0 1 0 1 0 1 0 1 0 1 0 1 0 1 0 1 0 1 0 1 0 1 0 1 0 1 0 1 0 1 0 1 0 1 0 1 0 1 0 1 0 1 0 1 0 1 0 1 0 1 0 1 0 1 0 1 0 1 0 1 0 1 0 1 0 1 0 1 0 1 0 1 0 1 0 1 0 1 0 1 0 1 0 1 0 1 0 1 0 1 0 1 0 1 0 1 0 1 0 1 0 1 0 1 0 1 0 1 0 1 0 1 0 1 0 1 0 1 0 1 0 1 0 1 0 1 0 1 0 1 0 1 0 1 0 1 0 1 0 1 0 1 0 1 0 1 0 1 0 1 0 1 0 1 0 1 0 1 0 1 0 1 0 1 0 1 0 1 0 1 0 1 0 1 0 1 0 1 0 1 0 1 0 1 0 1 0 1 0 1 0 1 0 1 0 1 0 1 0 1 0 1 0 1 0 1 0 1 0 1 0 1 0 1 0 1 0 1 0 1 0 1 0 1 0 1 0 1 0 1 0 1 0 1 0 1 0 1 0 1 0 1 0 1 0 1 0 1 0 1 0 1 0 1 0 1 0 1 0 1 0 1 0 1 0 1 0 1 0 1 0 1 0 1 0 1 0 1 0 1 0 1 0 1 0 1 0 1 0 1 0 1 0 1 0 1 0 1 0 1 0 1 0 1 0 1 0 1 0 1 0 1 0 1 0 1 0 1 0 1 0 1 0 1 0 1 0 1 0 1 0 1 0 1 0 1 0 1 0 1 0 1 0 1 0 1 0 1 0 1 0 1 0 1 0 1 0 1 0 1 0 1 0 1 0 1 0 1 0 1 0 1 0 1 0 1 0 1 0 1 0 1 0 1 0 1 0 1 0 1 0 1 0 1 0 1 0 1 0 1 0 1 0 1 0 1 0 1 0 1 0 1 0 1 0 1 0 1 0 1 0 1 0 1 0 1 0 1 0 1 0 1 0 1 0 1 0 1 0 1 0 1 0 1 0 1 0 1 0 1 0 1 0 1 0 1 0 1 0 1 0 1 0 1 0 1 0 1 0 1 0 1 0 1 0 1 0 1 0 1 0 1 0 1 0 1 0 1 0 1 0 1 0 1 0 1 0 1 0 1 0 1 0 1 0 1 0 1 0 1 0 1 0 1 0 1 0 1 0 1 0 1 0 1 0 1 0 1 0 1 0 1 0 1 0 1 0 1 0 1 0 1 0 1 0 1 0 1 0 1 0 1 0 1 0 1 0 1 0 1 0 1 0 1 0 1 0 1 0 1 0 1 0 1 0 1 0 1 0 1 0 1 0 1 0 1 0 1 0 1 0 1 0 1 0 1 0 1 0 1 0 1 0 1 0 1 0 1 0 1 0 1 0 1 0 1 0 1 0 1 0 1 0 1 0 1 0 1 0 1 0 1 0 1 0 1 0 1 0 1 0 1 0 1 0 1 0 1 0 1 0 1 0 1 0 1 0 1 0 1 0 1 0 1 0 1 0 1 0 1 0 1 0 1 0 1 0 1 0 1 0 1 0 1 0 1 0 1 0 1 0 1 0 1 0 1 0 1 0 1 0 1 0 1 0 1 0 1 0 1 0 1 0 1 0 1 0 1 0 1 0 1 0 1 0 1 0 1 0 1 0 1 0 1 0 1 0 1 0 1 0 1 0 1 0 1 0 1 0 1 0 1 0 1 0 1 0 1 0 1 0 1 0 1 0 1 0 1 0 1 0 1 0 1 0 1 0 1 0 1 0 1 0 1 0 1 0 1 0 1 0 1 0 1 0 1 0 1 0 1 0 1 0 1 0 1 0 1 0 1 0 1 0 1 0 1 0 1 0 1 0 1 0 1 0 1 0 1 0 1 0 1 0 1 0 1 0 1 0 1 0 1 0 1 0 1 0 1 0 1 0 1 0 1 0 1 0 1 0 1 0 1 0 1 0 1 0 1 0 1 0 1 0 1 0 1 0 1 0 1 0 1 0 1 0 1 0 1 0 1 0 1 0 1 0 1 0 1 0 1 0 1 0 1 0 1 0 1 0 1 0 1 0 1 0 1 0 1 0 1 0 1 0 1 0 1 0 1 0 1 0 1 0 1 0 1 0 1 0 1 0 1 0 1 0 1 0 1 0 1 0 1 0 1 0 1 0 1 0 1 0 1 0 1 0 1 0 1 0 1 0 1 0 1 0 1 0 1 0 1 0 1 0 1 0 1 0 1 0 1 0 1 0 1 0 1 0 1 0 1 0 1 0 1 0 1 0 1 0 1 0 1 0 1 0
1151
0 1 0 1 0 1 0 1 0 1 0 1 0 1 0 1 0 1 0 1 0 1 0 1 0 1 0 1 0 1 0 1 0 1 0 1 0 1 0 1 0 1 0 1 0 1 0 1 0 1 0 1 0 1 0 1 0 1 0 1 0 1 0 1 0 1 0 1 0 1 0 1 0 1 0 1 0 1 0 1 0 1 0 1 0 1 0 1 0 1 0 1 0 1 0 1 0 1 0 1 0 1 0 1 0 1 0 1 0 1 0 1 0 1 0 1 0 1 0 1 0 1 0 1 0 1 0 1 0 1 0 1 0 1 0 1 0 1 0 1 0 1 0 1 0 1 0 1 0 1 0 1 0 1 0 1 0 1 0 1 0 1 0 1 0 1 0 1 0 1 0 1 0 1 0 1 0 1 0 1 0 1 0 1 0 1 0 1 0 1 0 1 0 1 0 1 0 1 0 1 0 1 0 1 0 1 0 1 0 1 0 1 0 1 0 1 0 1 0 1 0 1 0 1 0 1 0 1 0 1 0 1 0 1 0 1 0 1 0 1 0 1 0 1 0 1 0 1 0 1 0 1 0 1 0 1 0 1 0 1 0 1 0 1 0 1 0 1 0 1 0 1 0 1 0 1 0 1 0 1 0 1 0 1 0 1 0 1 0 1 0 1 0 1 0 1 0 1 0 1 0 1 0 1 0 1 0 1 0 1 0 1 0 1 0 1 0 1 0 1 0 1 0 1 0 1 0 1 0 1 0 1 0 1 0 1 0 1 0 1 0 1 0 1 0 1 0 1 0 1 0 1 0 1 0 1 0 1 0 1 0 1 0 1 0 1 0 1 0 1 0 1 0 1 0 1 0 1 0 1 0 1 0 1 0 1 0 1 0 1 0 1 0 1 0 1 0 1 0 1 0 1 0 1 0 1 0 1 0 1 0 1 0 1 0 1 0 1 0 1 0 1 0 1 0 1 0 1 0 1 0 1 0 1 0 1 0 1 0 1 0 1 0 1 0 1 0 1 0 1 0 1 0 1 0 1 0 1 0 1 0 1 0 1 0 1 0 1 0 1 0 1 0 1 0 1 0 1 0 1 0 1 0 1 0 1 0 1 0 1 0 1 0 1 0 1 0 1 0 1 0 1 0 1 0 1 0 1 0 1 0 1 0 1 0 1 0 1 0 1 0 1 0 1 0 1 0 1 0 1 0 1 0 1 0 1 0 1 0 1 0 1 0 1 0 1 0 1 0 1 0 1 0 1 0 1 0 1 0 1 0 1 0 1 0 1 0 1 0 1 0 1 0 1 0 1 0 1 0 1 0 1 0 1 0 1 0 1 0 1 0 1 0 1 0 1 0 1 0 1 0 1 0 1 0 1 0 1 0 1 0 1 0 1 0 1 0 1 0 1 0 1 0 1 0 1 0 1 0 1 0 1 0 1 0 1 0 1 0 1 0 1 0 1 0 1 0 1 0 1 0 1 0 1 0 1 0 1 0 1 0 1 0 1 0 1 0 1 0 1 0 1 0 1 0 1 0 1 0 1 0 1 0 1 0 1 0 1 0 1 0 1 0 1 0 1 0 1 0 1 0 1 0 1 0 1 0 1 0 1 0 1 0 1 0 1 0 1 0 1 0 1 0 1 0 1 0 1 0 1 0 1 0 1 0 1 0 1 0 1 0 1 0 1 0 1 0 1 0 1 0 1 0 1 0 1 0 1 0 1 0 1 0 1 0 1 0 1 0 1 0 1 0 1 0 1 0 1 0 1 0 1 0 1 0 1 0 1 0 1 0 1 0 1 0 1 0 1 0 1 0 1 0 1 0 1 0 1 0 1 0 1 0 1 0 1 0 1 0 1 0 1 0 1 0 1 0 1 0 1 0 1 0 1 0 1 0 1 0 1 0 1 0 1 0 1 0 1 0 1 0 1 0 1 0 1 0 1 0 1 0 1 0 1 0 1 0 1 0 1 0 1 0 1 0 1 0 1 0 1 0 1 0 1 0 1 0 1 0 1 0 1 0 1 0 1 0 1 0 1 0 1 0 1 0 1 0 1 0 1 0 1 0 1 0 1 0 1 0 1 0 1 0 1 0 1 0 1 0 1 0 1 0 1 0 1 0 1 0 1 0 1 0 1 0 1 0 1 0 1 0 1 0 1 0 1 0 1 0 1 0 1 0 1 0 1 0 1 0 1 0 1 0 1 0 1 0 1 0 1 0 1 0 1 0 1 0 1 0 1 0 1 0 1 0 1 0 1 0 1 0 1 0 1 0 1 0 1 0 1 0 1 0 1 0 1 0 1 0 1 0 1 0 1 0 1 0 1 0 1 0 1 0 1 0 1 0 1 0 1 0 1 0 1 0 1 0 1 0 1 0 1 0 1 0 1 0 1 0 1 0 1 0 1 0 1 0 1 0 1 0 1 0 1 0 1 0 1 0 1 0 1 0 1 0 1 0 1 0 1 0 1 0 1 0 1 0 1 0 1 0 1 0 1 0 1 0 1 0 1 0 1 0 1 0 1 0 1 0 1 0 1 0 1 0 1 0 1 0 1 0 1 0 1 0 1 0 1 0 1 0 1 0 1 0 1 0 1 0 1 0 1
0 576 192 768 384 960 64 640 256 832 448 1024 128 704 320 896 512 1088 16 592 208 784 400 976 80 656 272 848 464 1040 144 720 336 912 528 1104 32 608 224 800 416 992 96 672 288 864 480 1056 160 736 352 928 544 1120 48 624 240 816 432 1008 112 688 304 880 496 1072 176 752 368 944 560 1136 4 580 196 772 388 964 68 644 260 836 452 1028 132 708 324 900 516 1092 20 596 212 788 404 980 84 660 276 852 468 1044 148 724 340 916 532 1108 36 612 228 804 420 996 100 676 292 868 484 1060 164 740 356 932 548 1124 52 628 244 820 436 1012 116 692 308 884 500 1076 180 756 372 948 564 1140 8 584 200 776 392 968 72 648 264 840 456 1032 136 712 328 904 520 1096 24 600 216 792 408 984 88 664 280 856 472 1048 152 728 344 920 536 1112 40 616 232 808 424 1000 104 680 296 872 488 1064 168 744 360 936 552 1128 56 632 248 824 440 1016 120 696 312 888 504 1080 184 760 376 952 568 1144 12 588 204 780 396 972 76 652 268 844 460 1036 140 716 332 908 524 1100 28 604 220 796 412 988 92 668 284 860 476 1052 156 732 348 924 540 1116 44 620 236 812 428 1004 108 684 300 876 492 1068 172 748 364 940 556 1132 60 636 252 828 444 1020 124 700 316 892 508 1084 188 764 380 956 572 1148 1 577 193 769 385 961 65 641 257 833 449 1025 129 705 321 897 513 1089 17 593 209 785 401 977 81 657 273 849 465 1041 145 721 337 913 529 1105 33 609 225 801 417 993 97 673 289 865 481 1057 161 737 353 929 545 1121 49 625 241 817 433 1009 113 689 305 881 497 1073 177 753 369 945 561 1137 5 581 197 773 389 965 69 645 261 837 453 1029 133 709 325 901 517 1093 21 597 213 789 405 981 85 661 277 853 469 1045 149 725 341 917 533 1109 37 613 229 805 421 997 101 677 293 869 485 1061 165 741 357 933 549 1125 53 629 245 821 437 1013 117 693 309 885 501 1077 181 757 373 949 565 1141 9 585 201 777 393 969 73 649 265 841 457 1033 137 713 329 905 521 1097 25 601 217 793 409 985 89 665 281 857 473 1049 153 729 345 921 537 1113 41 617 233 809 425 1001 105 681 297 873 489 1065 169 745 361 937 553 1129 57 633 249 825 441 1017 121 697 313 889 505 1081 185 761 377 953 569 1145 13 589 205 781 397 973 77 653 269 845 461 1037 141 717 333 909 525 1101 29 605 221 797 413 989 93 669 285 861 477 1053 157 733 349 925 541 1117 45 621 237 813 429 1005 109 685 301 877 493 1069 173 749 365 941 557 1133 61 637 253 829 445 1021 125 701 317 893 509 1085 189 765 381 957 573 1149 2 578 194 770 386 962 66 642 258 834 450 1026 130 706 322 898 514 1090 18 594 210 786 402 978 82 658 274 850 466 1042 146 722 338 914 530 1106 34 610 226 802 418 994 98 674 290 866 482 1058 162 738 354 930 546 1122 50 626 242 818 434 1010 114 690 306 882 498 1074 178 754 370 946 562 1138 6 582 198 774 390 966 70 646 262 838 454 1030 134 710 326 902 518 1094 22 598 214 790 406 982 86 662 278 854 470 1046 150 726 342 918 534 1110 38 614 230 806 422 998 102 678 294 870 486 1062 166 742 358 934 550 1126 54 630 246 822 438 1014 118 694 310 886 502 1078 182 758 374 950 566 1142 10 586 202 778 394 970 74 650 266 842 458 1034 138 714 330 906 522 1098 26 602 218 794 410 986 90 666 282 858 474 1050 154 730 346 922 538 1114 42 618 234 810 426 1002 106 682 298 874 490 1066 170 746 362 938 554 1130 58 634 250 826 442 1018 122 698 314 890 506 1082 186 762 378 954 570 1146 14 590 206 782 398 974 78 654 270 846 462 1038 142 718 334 910 526 1102 30 606 222 798 414 990 94 670 286 862 478 1054 158 734 350 926 542 1118 46 622 238 814 430 1006 110 686 302 878 494 1070 174 750 366 942 558 1134 62 638 254 830 446 1022 126 702 318 894 510 1086 190 766 382 958 574 1150 3 579 195 771 387 963 67 643 259 835 451 1027 131 707 323 899 515 1091 19 595 211 787 403 979 83 659 275 851 467 1043 147 723 339 915 531 1107 35 611 227 803 419 995 99 675 291 867 483 1059 163 739 355 931 547 1123 51 627 243 819 435 1011 115 691 307 883 499 1075 179 755 371 947 563 1139 7 583 199 775 391 967 71 647 263 839 455 1031 135 711 327 903 519 1095 23 599 215 791 407 983 87 663 279 855 471 1047 151 727 343 919 535 1111 39 615 231 807 423 999 103 679 295 871 487 1063 167 743 359 935 551 1127 55 631 247 823 439 1015 119 695 311 887 503 1079 183 759 375 951 567 1143 11 587 203 779 395 971 75 651 267 843 459 1035 139 715 331 907 523 1099 27 603 219 795 411 987 91 667 283 859 475 1051 155 731 347 923 539 1115 43 619 235 811 427 1003 107 683 299 875 491 1067 171 747 363 939 555 1131 59 635 251 827 443 1019 123 699 315 891 507 1083 187 763 379 955 571 1147 15 591 207 783 399 975 79 655 271 847 463 1039 143 719 335 911 527 1103 31 607 223 799 415 991 95 671 287 863 479 1055 159 735 351 927 543 1119 47 623 239 815 431 1007 111 687 303 879 495 1071 175 751 367 943 559 1135 63 639 255 831 447 1023 127 703 319 895 511 1087 191 767 383 959 575 1151
